<core:FragmentDefinition xmlns="sap.m" xmlns:core="sap.ui.core">
	<Dialog title="Errors" >
		<content>
			<!--	<Table width="auto" noDataText="No data" showSeparators="All" growing="true" growingThreshold="20" growingScrollToLoad="true"
				items="{oModellist>/oData}">
				<columns>
					<Column width="auto" hAlign="Left" vAlign="Top" minScreenWidth="Tablet" demandPopin="true" popinDisplay="Inline" mergeDuplicates="false">
						<header>
							<Text text="Row No." width="auto" wrapping="true" textAlign="Begin" textDirection="Inherit"/>
						</header>
						<footer/>
					</Column>
					<Column width="auto" hAlign="Left" vAlign="Top" minScreenWidth="Tablet" demandPopin="true" popinDisplay="Inline" mergeDuplicates="false">
						<header>
							<Text text="Field" width="auto" wrapping="false" textAlign="Begin" textDirection="Inherit"/>
						</header>
						<footer/>
					</Column>
					<Column width="auto" hAlign="Left" vAlign="Top" minScreenWidth="Tablet" demandPopin="true" popinDisplay="Inline" mergeDuplicates="false">
						<header>
							<Text text="Message" width="auto" wrapping="false" textAlign="Begin" textDirection="Inherit"/>
						</header>
						<footer/>
					</Column>
					</columns>
				<items>
					<ColumnListItem >
						<cells>
							<Text text="{}"></Text>
							<Text text="{}"></Text>
							<Text text="{}"></Text>
							
						</cells>
					</ColumnListItem>
				</items>
			</Table>
	-->
			<List items="{/}">
				<StandardListItem title="{error_msg}"/>
			</List>
		</content>
		<endButton>
			<Button text="Close" press="onCloseDialog"></Button>
		</endButton>
	</Dialog>
</core:FragmentDefinition>