<edmx:Edmx xmlns:edmx="http://schemas.microsoft.com/ado/2007/06/edmx"
	xmlns:m="http://schemas.microsoft.com/ado/2007/08/dataservices/metadata" xmlns:sap="http://www.sap.com/Protocols/SAPData" Version="1.0">
	<edmx:DataServices m:DataServiceVersion="2.0">
		<Schema xmlns="http://schemas.microsoft.com/ado/2008/09/edm" Namespace="Z8C_MYBANK_SRV" xml:lang="en" sap:schema-version="1">
			<EntityType Name="Userdetails" sap:content-version="1">
				<Key><PropertyRef Name="Username"/></Key><Property Name="Validbegin" Type="Edm.DateTime" Nullable="false" Precision="7" sap:unicode="false" sap:label="Current Date"
					sap:creatable="false" sap:updatable="false" sap:sortable="false" sap:filterable="false"/><Property Name="Username" Type="Edm.String" Nullable="false" MaxLength="12" sap:unicode="false" sap:label="User Name" sap:creatable="false"
					sap:updatable="false" sap:sortable="false" sap:filterable="false"/><Property Name="Nameofempsubgroup" Type="Edm.String" Nullable="false" MaxLength="20" sap:unicode="false" sap:label="Name of EE SG"
					sap:creatable="false" sap:updatable="false" sap:sortable="false" sap:filterable="false"/><Property Name="Nameoforgunit" Type="Edm.String" Nullable="false" MaxLength="25" sap:unicode="false" sap:label="Position Short Text"
					sap:creatable="false" sap:updatable="false" sap:sortable="false" sap:filterable="false"/><Property Name="Nameofpayrollarea" Type="Edm.String" Nullable="false" MaxLength="20" sap:unicode="false" sap:label="Payr.area text"
					sap:creatable="false" sap:updatable="false" sap:sortable="false" sap:filterable="false"/><Property Name="Nameofpersarea" Type="Edm.String" Nullable="false" MaxLength="30" sap:unicode="false" sap:label="PA text"
					sap:creatable="false" sap:updatable="false" sap:sortable="false" sap:filterable="false"/><Property Name="Nameofperssubarea" Type="Edm.String" Nullable="false" MaxLength="15" sap:unicode="false" sap:label="PS text"
					sap:creatable="false" sap:updatable="false" sap:sortable="false" sap:filterable="false"/><Property Name="Nameofposition" Type="Edm.String" Nullable="false" MaxLength="25" sap:unicode="false" sap:label="Position Short Text"
					sap:creatable="false" sap:updatable="false" sap:sortable="false" sap:filterable="false"/><Property Name="Orgunit" Type="Edm.String" Nullable="false" MaxLength="8" sap:unicode="false" sap:label="Org. Unit" sap:creatable="false"
					sap:updatable="false" sap:sortable="false" sap:filterable="false"/><Property Name="Payrolladmin" Type="Edm.String" Nullable="false" MaxLength="3" sap:unicode="false" sap:label="Payroll admin."
					sap:creatable="false" sap:updatable="false" sap:sortable="false" sap:filterable="false"/><Property Name="Payrollarea" Type="Edm.String" Nullable="false" MaxLength="2" sap:unicode="false" sap:label="Payroll area"
					sap:creatable="false" sap:updatable="false" sap:sortable="false" sap:filterable="false"/><Property Name="Payrollstatus" Type="Edm.String" Nullable="false" MaxLength="1" sap:unicode="false" sap:label="Status" sap:creatable="false"
					sap:updatable="false" sap:sortable="false" sap:filterable="false"/><Property Name="Personnelarea" Type="Edm.String" Nullable="false" MaxLength="4" sap:unicode="false" sap:label="Personnel area"
					sap:creatable="false" sap:updatable="false" sap:sortable="false" sap:filterable="false"/><Property Name="Personnelladmin" Type="Edm.String" Nullable="false" MaxLength="3" sap:unicode="false" sap:label="Pers.admin."
					sap:creatable="false" sap:updatable="false" sap:sortable="false" sap:filterable="false"/><Property Name="Perssubarea" Type="Edm.String" Nullable="false" MaxLength="4" sap:unicode="false" sap:label="Pers. subarea"
					sap:creatable="false" sap:updatable="false" sap:sortable="false" sap:filterable="false"/><Property Name="Position" Type="Edm.String" Nullable="false" MaxLength="8" sap:unicode="false" sap:label="Position" sap:creatable="false"
					sap:updatable="false" sap:sortable="false" sap:filterable="false"/><Property Name="Type" Type="Edm.String" Nullable="false" MaxLength="1" sap:unicode="false" sap:label="Message type" sap:creatable="false"
					sap:updatable="false" sap:sortable="false" sap:filterable="false"/><Property Name="Id" Type="Edm.String" Nullable="false" MaxLength="20" sap:unicode="false" sap:label="Message Class" sap:creatable="false"
					sap:updatable="false" sap:sortable="false" sap:filterable="false"/><Property Name="Number" Type="Edm.String" Nullable="false" MaxLength="3" sap:unicode="false" sap:label="Message Number"
					sap:creatable="false" sap:updatable="false" sap:sortable="false" sap:filterable="false"/><Property Name="Message" Type="Edm.String" Nullable="false" MaxLength="220" sap:unicode="false" sap:label="Message text"
					sap:creatable="false" sap:updatable="false" sap:sortable="false" sap:filterable="false"/><Property Name="LogNo" Type="Edm.String" Nullable="false" MaxLength="20" sap:unicode="false" sap:label="Log number" sap:creatable="false"
					sap:updatable="false" sap:sortable="false" sap:filterable="false"/><Property Name="LogMsgNo" Type="Edm.String" Nullable="false" MaxLength="6" sap:unicode="false" sap:label="Message no." sap:creatable="false"
					sap:updatable="false" sap:sortable="false" sap:filterable="false"/><Property Name="MessageV1" Type="Edm.String" Nullable="false" MaxLength="50" sap:unicode="false" sap:label="Message Variable"
					sap:creatable="false" sap:updatable="false" sap:sortable="false" sap:filterable="false"/><Property Name="MessageV2" Type="Edm.String" Nullable="false" MaxLength="50" sap:unicode="false" sap:label="Message Variable"
					sap:creatable="false" sap:updatable="false" sap:sortable="false" sap:filterable="false"/><Property Name="MessageV3" Type="Edm.String" Nullable="false" MaxLength="50" sap:unicode="false" sap:label="Message Variable"
					sap:creatable="false" sap:updatable="false" sap:sortable="false" sap:filterable="false"/><Property Name="MessageV4" Type="Edm.String" Nullable="false" MaxLength="50" sap:unicode="false" sap:label="Message Variable"
					sap:creatable="false" sap:updatable="false" sap:sortable="false" sap:filterable="false"/><Property Name="Parameter" Type="Edm.String" Nullable="false" MaxLength="32" sap:unicode="false" sap:label="Parameter Name"
					sap:creatable="false" sap:updatable="false" sap:sortable="false" sap:filterable="false"/><Property Name="Row" Type="Edm.Int32" Nullable="false" sap:unicode="false" sap:label="Parameter line" sap:creatable="false"
					sap:updatable="false" sap:sortable="false" sap:filterable="false"/><Property Name="Field" Type="Edm.String" Nullable="false" MaxLength="30" sap:unicode="false" sap:label="Field name" sap:creatable="false"
					sap:updatable="false" sap:sortable="false" sap:filterable="false"/><Property Name="System" Type="Edm.String" Nullable="false" MaxLength="10" sap:unicode="false" sap:label="Logical system"
					sap:creatable="false" sap:updatable="false" sap:sortable="false" sap:filterable="false"/><Property Name="Saprelease" Type="Edm.String" Nullable="false" MaxLength="4" sap:unicode="false" sap:label="SAP Release"
					sap:creatable="false" sap:updatable="false" sap:sortable="false" sap:filterable="false"/><Property Name="Timeadmin" Type="Edm.String" Nullable="false" MaxLength="3" sap:unicode="false" sap:label="Time admin."
					sap:creatable="false" sap:updatable="false" sap:sortable="false" sap:filterable="false"/><Property Name="Userdateformat" Type="Edm.String" Nullable="false" MaxLength="1" sap:unicode="false" sap:label="Date format"
					sap:creatable="false" sap:updatable="false" sap:sortable="false" sap:filterable="false"/><Property Name="Userdecimalformat" Type="Edm.String" Nullable="false" MaxLength="1" sap:unicode="false" sap:label="Decimal Format"
					sap:creatable="false" sap:updatable="false" sap:sortable="false" sap:filterable="false"/><Property Name="Userlogonlanguage" Type="Edm.String" Nullable="false" MaxLength="1" sap:unicode="false" sap:label="Logon Language"
					sap:creatable="false" sap:updatable="false" sap:sortable="false" sap:filterable="false"/><Property Name="Nameofempgroup" Type="Edm.String" Nullable="false" MaxLength="20" sap:unicode="false" sap:label="Name of EE grp"
					sap:creatable="false" sap:updatable="false" sap:sortable="false" sap:filterable="false"/><Property Name="Accountedto" Type="Edm.DateTime" Nullable="false" Precision="7" sap:unicode="false" sap:label="Acctd to"
					sap:creatable="false" sap:updatable="false" sap:sortable="false" sap:filterable="false"/><Property Name="Admingroup" Type="Edm.String" Nullable="false" MaxLength="4" sap:unicode="false" sap:label="Group" sap:creatable="false"
					sap:updatable="false" sap:sortable="false" sap:filterable="false"/><Property Name="Birthdate" Type="Edm.DateTime" Nullable="false" Precision="7" sap:unicode="false" sap:label="Birth date"
					sap:creatable="false" sap:updatable="false" sap:sortable="false" sap:filterable="false"/><Property Name="Businessarea" Type="Edm.String" Nullable="false" MaxLength="4" sap:unicode="false" sap:label="Business Area"
					sap:creatable="false" sap:updatable="false" sap:sortable="false" sap:filterable="false"/><Property Name="Companycode" Type="Edm.String" Nullable="false" MaxLength="4" sap:unicode="false" sap:label="Company Code"
					sap:creatable="false" sap:updatable="false" sap:sortable="false" sap:filterable="false"/><Property Name="Controllingarea" Type="Edm.String" Nullable="false" MaxLength="4" sap:unicode="false" sap:label="CO Area"
					sap:creatable="false" sap:updatable="false" sap:sortable="false" sap:filterable="false"/><Property Name="Costcenter" Type="Edm.String" Nullable="false" MaxLength="10" sap:unicode="false" sap:label="Cost Center"
					sap:creatable="false" sap:updatable="false" sap:sortable="false" sap:filterable="false"/><Property Name="Countrygrouping" Type="Edm.String" Nullable="false" MaxLength="2" sap:unicode="false" sap:label="Ctry Grouping"
					sap:creatable="false" sap:updatable="false" sap:sortable="false" sap:filterable="false"/><Property Name="Currency" Type="Edm.String" Nullable="false" MaxLength="5" sap:unicode="false" sap:label="Currency" sap:creatable="false"
					sap:updatable="false" sap:sortable="false" sap:filterable="false"/><Property Name="Currencydecimals" Type="Edm.Byte" Nullable="false" sap:unicode="false" sap:label="Decimals" sap:creatable="false"
					sap:updatable="false" sap:sortable="false" sap:filterable="false"/><Property Name="Employeegroup" Type="Edm.String" Nullable="false" MaxLength="1" sap:unicode="false" sap:label="EE group"
					sap:creatable="false" sap:updatable="false" sap:sortable="false" sap:filterable="false"/><Property Name="Employeenumber" Type="Edm.String" Nullable="false" MaxLength="8" sap:unicode="false" sap:label="Personnel No."
					sap:creatable="false" sap:updatable="false" sap:sortable="false" sap:filterable="false"/><Property Name="Employeesubgroup" Type="Edm.String" Nullable="false" MaxLength="2" sap:unicode="false" sap:label="EE subgroup"
					sap:creatable="false" sap:updatable="false" sap:sortable="false" sap:filterable="false"/><Property Name="Employmentstatus" Type="Edm.String" Nullable="false" MaxLength="1" sap:unicode="false" sap:label="Employment"
					sap:creatable="false" sap:updatable="false" sap:sortable="false" sap:filterable="false"/><Property Name="Firstname" Type="Edm.String" Nullable="false" MaxLength="40" sap:unicode="false" sap:label="First name"
					sap:creatable="false" sap:updatable="false" sap:sortable="false" sap:filterable="false"/><Property Name="Firstnameromaji" Type="Edm.String" Nullable="false" MaxLength="40" sap:unicode="false" sap:label="1st Name Romaji"
					sap:creatable="false" sap:updatable="false" sap:sortable="false" sap:filterable="false"/><Property Name="Lastname" Type="Edm.String" Nullable="false" MaxLength="40" sap:unicode="false" sap:label="Last name" sap:creatable="false"
					sap:updatable="false" sap:sortable="false" sap:filterable="false"/><Property Name="Lastnameromaji" Type="Edm.String" Nullable="false" MaxLength="40" sap:unicode="false" sap:label="Last Name Romaji"
					sap:creatable="false" sap:updatable="false" sap:sortable="false" sap:filterable="false"/><Property Name="Name" Type="Edm.String" Nullable="false" MaxLength="40" sap:unicode="false" sap:label="Empl./Appl.Name"
					sap:creatable="false" sap:updatable="false" sap:sortable="false" sap:filterable="false"/><Property Name="Nameofbusarea" Type="Edm.String" Nullable="false" MaxLength="30" sap:unicode="false" sap:label="Business area"
					sap:creatable="false" sap:updatable="false" sap:sortable="false" sap:filterable="false"/><Property Name="Nameofcompanycode" Type="Edm.String" Nullable="false" MaxLength="25" sap:unicode="false" sap:label="Company Name"
					sap:creatable="false" sap:updatable="false" sap:sortable="false" sap:filterable="false"/><Property Name="Nameofcostcenter" Type="Edm.String" Nullable="false" MaxLength="30" sap:unicode="false" sap:label="Cst center text"
					sap:creatable="false" sap:updatable="false" sap:sortable="false" sap:filterable="false"/></EntityType>
			<EntityType Name="EmployeeDetail" sap:content-version="1">
				<Key><PropertyRef Name="Username"/></Key><Property Name="Username" Type="Edm.String" Nullable="false" MaxLength="12" sap:unicode="false" sap:label="User Name" sap:creatable="false"
					sap:updatable="false" sap:sortable="false" sap:filterable="false"/><Property Name="Type" Type="Edm.String" Nullable="false" MaxLength="1" sap:unicode="false" sap:label="Message type" sap:creatable="false"
					sap:updatable="false" sap:sortable="false" sap:filterable="false"/><Property Name="Id" Type="Edm.String" Nullable="false" MaxLength="20" sap:unicode="false" sap:label="Message Class" sap:creatable="false"
					sap:updatable="false" sap:sortable="false" sap:filterable="false"/><Property Name="Number" Type="Edm.String" Nullable="false" MaxLength="3" sap:unicode="false" sap:label="Message Number"
					sap:creatable="false" sap:updatable="false" sap:sortable="false" sap:filterable="false"/><Property Name="Message" Type="Edm.String" Nullable="false" MaxLength="220" sap:unicode="false" sap:label="Message text"
					sap:creatable="false" sap:updatable="false" sap:sortable="false" sap:filterable="false"/><Property Name="LogNo" Type="Edm.String" Nullable="false" MaxLength="20" sap:unicode="false" sap:label="Log number" sap:creatable="false"
					sap:updatable="false" sap:sortable="false" sap:filterable="false"/><Property Name="LogMsgNo" Type="Edm.String" Nullable="false" MaxLength="6" sap:unicode="false" sap:label="Message no." sap:creatable="false"
					sap:updatable="false" sap:sortable="false" sap:filterable="false"/><Property Name="MessageV1" Type="Edm.String" Nullable="false" MaxLength="50" sap:unicode="false" sap:label="Message Variable"
					sap:creatable="false" sap:updatable="false" sap:sortable="false" sap:filterable="false"/><Property Name="MessageV2" Type="Edm.String" Nullable="false" MaxLength="50" sap:unicode="false" sap:label="Message Variable"
					sap:creatable="false" sap:updatable="false" sap:sortable="false" sap:filterable="false"/><Property Name="MessageV3" Type="Edm.String" Nullable="false" MaxLength="50" sap:unicode="false" sap:label="Message Variable"
					sap:creatable="false" sap:updatable="false" sap:sortable="false" sap:filterable="false"/><Property Name="MessageV4" Type="Edm.String" Nullable="false" MaxLength="50" sap:unicode="false" sap:label="Message Variable"
					sap:creatable="false" sap:updatable="false" sap:sortable="false" sap:filterable="false"/><Property Name="Parameter" Type="Edm.String" Nullable="false" MaxLength="32" sap:unicode="false" sap:label="Parameter Name"
					sap:creatable="false" sap:updatable="false" sap:sortable="false" sap:filterable="false"/><Property Name="Row" Type="Edm.Int32" Nullable="false" sap:unicode="false" sap:label="Parameter line" sap:creatable="false"
					sap:updatable="false" sap:sortable="false" sap:filterable="false"/><Property Name="Field" Type="Edm.String" Nullable="false" MaxLength="30" sap:unicode="false" sap:label="Field name" sap:creatable="false"
					sap:updatable="false" sap:sortable="false" sap:filterable="false"/><Property Name="System" Type="Edm.String" Nullable="false" MaxLength="10" sap:unicode="false" sap:label="Logical system"
					sap:creatable="false" sap:updatable="false" sap:sortable="false" sap:filterable="false"/><Property Name="Companycode" Type="Edm.String" Nullable="false" MaxLength="4" sap:unicode="false" sap:label="Company Code"
					sap:creatable="false" sap:updatable="false" sap:sortable="false" sap:filterable="false"/><Property Name="Costcenter" Type="Edm.String" Nullable="false" MaxLength="10" sap:unicode="false" sap:label="Cost Center"
					sap:creatable="false" sap:updatable="false" sap:sortable="false" sap:filterable="false"/><Property Name="Employeegroup" Type="Edm.String" Nullable="false" MaxLength="1" sap:unicode="false" sap:label="EE group"
					sap:creatable="false" sap:updatable="false" sap:sortable="false" sap:filterable="false"/><Property Name="Employeenumber" Type="Edm.String" Nullable="false" MaxLength="8" sap:unicode="false" sap:label="Personnel No."
					sap:creatable="false" sap:updatable="false" sap:sortable="false" sap:filterable="false"/><Property Name="Employmentstatus" Type="Edm.String" Nullable="false" MaxLength="1" sap:unicode="false" sap:label="Employment"
					sap:creatable="false" sap:updatable="false" sap:sortable="false" sap:filterable="false"/><Property Name="Name" Type="Edm.String" Nullable="false" MaxLength="40" sap:unicode="false" sap:label="Empl./Appl.Name"
					sap:creatable="false" sap:updatable="false" sap:sortable="false" sap:filterable="false"/><Property Name="Nameofcostcenter" Type="Edm.String" Nullable="false" MaxLength="30" sap:unicode="false" sap:label="Cst center text"
					sap:creatable="false" sap:updatable="false" sap:sortable="false" sap:filterable="false"/><Property Name="Payee0" Type="Edm.String" Nullable="false" MaxLength="40" sap:unicode="false" sap:label="Payee" sap:creatable="false"
					sap:updatable="false" sap:sortable="false" sap:filterable="false"/><Property Name="BANKCOUNTRY0" Type="Edm.String" Nullable="false" MaxLength="3" sap:unicode="false" sap:label="Bank Country"
					sap:creatable="false" sap:updatable="false" sap:sortable="false" sap:filterable="false"/><Property Name="BANKKEY0" Type="Edm.String" Nullable="false" MaxLength="15" sap:unicode="false" sap:label="Bank Key" sap:creatable="false"
					sap:updatable="false" sap:sortable="false" sap:filterable="false"/><Property Name="ACCOUNTNO0" Type="Edm.String" Nullable="false" MaxLength="18" sap:unicode="false" sap:label="Account Number"
					sap:creatable="false" sap:updatable="false" sap:sortable="false" sap:filterable="false"/><Property Name="CONTROLKEY0" Type="Edm.String" Nullable="false" MaxLength="2" sap:unicode="false" sap:label="Control Key"
					sap:creatable="false" sap:updatable="false" sap:sortable="false" sap:filterable="false"/><Property Name="CURRENCY0" Type="Edm.String" Nullable="false" MaxLength="5" sap:unicode="false" sap:label="Currency" sap:creatable="false"
					sap:updatable="false" sap:sortable="false" sap:filterable="false"/><Property Name="IBAN0" Type="Edm.String" Nullable="false" MaxLength="34" sap:unicode="false" sap:label="International Bank Account Number"
					sap:creatable="false" sap:updatable="false" sap:sortable="false" sap:filterable="false"/><Property Name="PAYMENTMETHOD0" Type="Edm.String" Nullable="false" MaxLength="1" sap:unicode="false" sap:label="Payment Method"
					sap:creatable="false" sap:updatable="false" sap:sortable="false" sap:filterable="false"/><Property Name="Payee2" Type="Edm.String" Nullable="false" MaxLength="40" sap:unicode="false" sap:label="Payee" sap:creatable="false"
					sap:updatable="false" sap:sortable="false" sap:filterable="false"/><Property Name="BANKCOUNTRY2" Type="Edm.String" Nullable="false" MaxLength="3" sap:unicode="false" sap:label="Bank Country"
					sap:creatable="false" sap:updatable="false" sap:sortable="false" sap:filterable="false"/><Property Name="BANKKEY2" Type="Edm.String" Nullable="false" MaxLength="15" sap:unicode="false" sap:label="Bank Key" sap:creatable="false"
					sap:updatable="false" sap:sortable="false" sap:filterable="false"/><Property Name="ACCOUNTNO2" Type="Edm.String" Nullable="false" MaxLength="18" sap:unicode="false" sap:label="Account Number"
					sap:creatable="false" sap:updatable="false" sap:sortable="false" sap:filterable="false"/><Property Name="CONTROLKEY2" Type="Edm.String" Nullable="false" MaxLength="2" sap:unicode="false" sap:label="Control Key"
					sap:creatable="false" sap:updatable="false" sap:sortable="false" sap:filterable="false"/><Property Name="CURRENCY2" Type="Edm.String" Nullable="false" MaxLength="5" sap:unicode="false" sap:label="Currency" sap:creatable="false"
					sap:updatable="false" sap:sortable="false" sap:filterable="false"/><Property Name="IBAN2" Type="Edm.String" Nullable="false" MaxLength="34" sap:unicode="false" sap:label="International Bank Account Number"
					sap:creatable="false" sap:updatable="false" sap:sortable="false" sap:filterable="false"/><Property Name="PAYMENTMETHOD2" Type="Edm.String" Nullable="false" MaxLength="1" sap:unicode="false" sap:label="Payment Method"
					sap:creatable="false" sap:updatable="false" sap:sortable="false" sap:filterable="false"/><Property Name="Data" Type="Edm.String" Nullable="false" sap:unicode="false" sap:label="Data" sap:creatable="false" sap:updatable="false"
					sap:sortable="false" sap:filterable="false"/><Property Name="ID" Type="Edm.String" Nullable="false" sap:unicode="false" sap:label="E-mail ID" sap:creatable="false" sap:updatable="false"
					sap:sortable="false" sap:filterable="false"/></EntityType>
			<EntityContainer Name="Z8C_MYBANK_SRV_Entities" m:IsDefaultEntityContainer="true" sap:supported-formats="atom json xlsx"><EntitySet Name="UserdetailsSet" EntityType="Z8C_MYBANK_SRV.Userdetails" sap:creatable="false" sap:updatable="false" sap:deletable="false"
				sap:pageable="false" sap:content-version="1"/><EntitySet Name="EmployeeDetailSet" EntityType="Z8C_MYBANK_SRV.EmployeeDetail" sap:creatable="false" sap:updatable="false"
				sap:deletable="false" sap:pageable="false" sap:content-version="1"/></EntityContainer><atom:link xmlns:atom="http://www.w3.org/2005/Atom" rel="self" href="./sap/Z8C_MYBANK_SRV/$metadata"/><atom:link xmlns:atom="http://www.w3.org/2005/Atom" rel="latest-version" href="./sap/Z8C_MYBANK_SRV/$metadata"/></Schema>
	</edmx:DataServices>
</edmx:Edmx>