<edmx:Edmx xmlns:edmx="http://schemas.microsoft.com/ado/2007/06/edmx"
	xmlns:m="http://schemas.microsoft.com/ado/2007/08/dataservices/metadata" xmlns:sap="http://www.sap.com/Protocols/SAPData" Version="1.0">
	<edmx:DataServices m:DataServiceVersion="2.0">
		<Schema xmlns="http://schemas.microsoft.com/ado/2008/09/edm" Namespace="Z8C_MYBANK_SRC_SRV" xml:lang="en" sap:schema-version="1">
			<EntityType Name="Search_help" sap:content-version="1">
				<Key><PropertyRef Name="BANKS"/></Key><Property Name="BANKS" Type="Edm.String" Nullable="false" sap:unicode="false" sap:label="Bank key" sap:creatable="false"
					sap:updatable="false" sap:sortable="false" sap:filterable="false"/><Property Name="BANKA" Type="Edm.String" Nullable="false" sap:unicode="false" sap:label="Name" sap:creatable="false" sap:updatable="false"
					sap:sortable="false" sap:filterable="false"/><Property Name="ORT01" Type="Edm.String" Nullable="false" sap:unicode="false" sap:label="City" sap:creatable="false" sap:updatable="false"
					sap:sortable="false" sap:filterable="false"/></EntityType>
			<EntityType Name="Search_t001" sap:content-version="1">
				<Key><PropertyRef Name="LAND1"/></Key><Property Name="LAND1" Type="Edm.String" Nullable="false" sap:unicode="false" sap:label="Country key" sap:creatable="false"
					sap:updatable="false" sap:sortable="false" sap:filterable="false"/><Property Name="LANDX" Type="Edm.String" Nullable="false" sap:unicode="false" sap:label="Country Name" sap:creatable="false"
					sap:updatable="false" sap:sortable="false" sap:filterable="false"/></EntityType>
			<EntityType Name="Return" sap:content-version="1">
				<Key><PropertyRef Name="User_ID"/></Key><Property Name="User_ID" Type="Edm.String" Nullable="false" sap:unicode="false" sap:label="User 5-2-1 ID" sap:creatable="false"
					sap:updatable="false" sap:sortable="false" sap:filterable="false"/><Property Name="ReqNo" Type="Edm.String" Nullable="false" sap:unicode="false" sap:label="GRC Request Number" sap:creatable="false"
					sap:updatable="false" sap:sortable="false" sap:filterable="false"/><Property Name="SySubrc" Type="Edm.String" Nullable="false" sap:unicode="false" sap:label="Sy-Subrc value" sap:creatable="false"
					sap:updatable="false" sap:sortable="false" sap:filterable="false"/><Property Name="MsgText" Type="Edm.String" Nullable="false" sap:unicode="false" sap:label="Message Text" sap:creatable="false"
					sap:updatable="false" sap:sortable="false" sap:filterable="false"/><Property Name="MsgType" Type="Edm.String" Nullable="false" sap:unicode="false" sap:label="Message Type" sap:creatable="false"
					sap:updatable="false" sap:sortable="false" sap:filterable="false"/><Property Name="Field" Type="Edm.String" Nullable="false" sap:unicode="false" sap:label="Field" sap:creatable="false" sap:updatable="false"
					sap:sortable="false" sap:filterable="false"/><Property Name="Row" Type="Edm.String" Nullable="false" sap:unicode="false" sap:label="Row" sap:creatable="false" sap:updatable="false"
					sap:sortable="false" sap:filterable="false"/></EntityType>
			<EntityType Name="APPL_TYPE" sap:content-version="1">
				<Key><PropertyRef Name="User_ID"/><PropertyRef Name="Appl_ID"/></Key><Property Name="User_ID" Type="Edm.String" Nullable="false" sap:unicode="false" sap:creatable="false" sap:updatable="false"
					sap:sortable="false" sap:filterable="false"/><Property Name="Appl_ID" Type="Edm.String" Nullable="false" sap:unicode="false" sap:creatable="false" sap:updatable="false"
					sap:sortable="false" sap:filterable="false"/><Property Name="System_ID" Type="Edm.String" Nullable="false" sap:unicode="false" sap:label="System ID" sap:creatable="false"
					sap:updatable="false" sap:sortable="false" sap:filterable="false"/><Property Name="Application_Type" Type="Edm.String" Nullable="false" sap:unicode="false" sap:label="Application Type" sap:creatable="false"
					sap:updatable="false" sap:sortable="false" sap:filterable="false"/></EntityType>
			<EntityContainer Name="Z8C_MYBANK_SRC_SRV_Entities" m:IsDefaultEntityContainer="true" sap:supported-formats="atom json xlsx"><EntitySet Name="Search_helpSet" EntityType="Z8C_MYBANK_SRC_SRV.Search_help" sap:creatable="false" sap:updatable="false"
				sap:deletable="false" sap:pageable="false" sap:addressable="false" sap:content-version="1"/><EntitySet Name="Search_t001Set" EntityType="Z8C_MYBANK_SRC_SRV.Search_t001" sap:creatable="false" sap:updatable="false"
				sap:deletable="false" sap:pageable="false" sap:addressable="false" sap:content-version="1"/><EntitySet Name="ReturnSet" EntityType="Z8C_MYBANK_SRC_SRV.Return" sap:creatable="false" sap:updatable="false" sap:deletable="false"
				sap:pageable="false" sap:addressable="false" sap:content-version="1"/><EntitySet Name="APPL_TYPESet" EntityType="Z8C_MYBANK_SRC_SRV.APPL_TYPE" sap:creatable="false" sap:updatable="false" sap:deletable="false"
				sap:pageable="false" sap:addressable="false" sap:content-version="1"/></EntityContainer><atom:link xmlns:atom="http://www.w3.org/2005/Atom" rel="self" href="./sap/Z8C_MYBANK_SRC_SRV/$metadata"/><atom:link xmlns:atom="http://www.w3.org/2005/Atom" rel="latest-version" href="./sap/Z8C_MYBANK_SRC_SRV/$metadata"/></Schema>
	</edmx:DataServices>
</edmx:Edmx>