<core:FragmentDefinition xmlns="sap.m" xmlns:core="sap.ui.core">
	<ResponsivePopover showHeader="false" contentWidth="25rem" placement="Left">
		<Table width="auto" items="{/AttachmentSet}" noDataText="{i18n>noAttachment}">
			<columns>
				<Column></Column>
			</columns>
			<items>
				<ColumnListItem>
					<cells>
						<Link text="{Filename}" wrapping="true" press="onLinkPress"/>
					</cells>
				</ColumnListItem>
			</items>
		</Table>
	</ResponsivePopover>
</core:FragmentDefinition>