<core:FragmentDefinition xmlns="sap.m" xmlns:core="sap.ui.core">
	<TableSelectDialog noDataText="No Records Found" title="Select Vendor" search="handleTableValueHelpSearch"
		confirm="handleTableValueHelpConfirm1" cancel="handleTableValueHelpCancel" growing="true" growingThreshold="20" contentWidth="50%" contentHeight="250px">
		<columns>
			<Column>
				<Text text="Vendor ID"/>
			</Column>
			<Column minScreenWidth="Desktop" demandPopin="true">
				<Text text="Vender Description"/>
			</Column>
			<Column minScreenWidth="Desktop" demandPopin="true">
				<Text text="Tax ID"/>
			</Column>
			<Column minScreenWidth="Desktop" demandPopin="true">
				<Text text="Bank Key"/>
			</Column>
			<Column minScreenWidth="Desktop" demandPopin="true">
				<Text text="Bank Account Number"/>
			</Column>
		</columns>
	</TableSelectDialog>
</core:FragmentDefinition>