{
  "test/integration/pages/Home-dbg.js": 1615952210000,
  "model/models.js": 1615952210000,
  "test/unit/controller/Home.controller.js": 1615952210000,
  "test/integration/pages/Home.js": 1615952210000,
  "test/integration/arrangements/Startup.js": 1615952210000,
  "test/unit/unitTests.qunit.js": 1615952210000,
  "test/unit/AllTests.js": 1615952210000,
  "test/integration/opaTests.qunit.js": 1615952210000,
  "test/integration/NavigationJourney.js": 1615952210000,
  "test/integration/AllJourneys.js": 1615952210000,
  "util/formatter.js": 1615952210000,
  "test/testsuite.qunit.js": 1615952210000,
  "manifest.json": 1615959506735,
  "controller/Home.controller.js": 1615952210000,
  "serviceBinding.js": 1615952210000,
  "Component.js": 1615952210000,
  "manifest-bundle.zip": 1615959506782,
  "Component-preload.js": 1615959507996,
  "model/models-dbg.js": 1615952210000,
  "i18n/i18n.properties": 1615952210000,
  "test/integration/arrangements/Startup-dbg.js": 1615952210000,
  "test/unit/unitTests.qunit-dbg.js": 1615952210000,
  "test/unit/AllTests-dbg.js": 1615952210000,
  "test/integration/opaTests.qunit-dbg.js": 1615952210000,
  "test/integration/NavigationJourney-dbg.js": 1615952210000,
  "test/integration/AllJourneys-dbg.js": 1615952210000,
  "util/formatter-dbg.js": 1615952210000,
  "test/testsuite.qunit-dbg.js": 1615952210000,
  "test/unit/controller/Home-dbg.controller.js": 1615952210000,
  "controller/Home-dbg.controller.js": 1615952210000,
  "serviceBinding-dbg.js": 1615952210000,
  "Component-dbg.js": 1615952210000,
  "view/fragments/key.fragment.xml": 1615952210000,
  "view/fragments/Message.fragment.xml": 1615952210000,
  "test/unit/unitTests.qunit.html": 1615952210000,
  "test/integration/opaTests.qunit.html": 1615952210000,
  "localService/Z8C_MYBANK_SRC_SRV/metadata.xml": 1615952210000,
  "view/Home.view.xml": 1615952210000,
  "test/testsuite.qunit.html": 1615952210000,
  "localService/metadata.xml": 1615952210000,
  "css/style.css": 1615952210000,
  "index.html": 1615952210000
}