{
  "controller/BaseController.js": 1728795956000,
  "controller/SearchIC.controller.js": 1728795956000,
  "test/unit/controller/HomeToolPage.controller.js": 1728795956000,
  "test/integration/pages/HomeToolPage.js": 1728795956000,
  "test/integration/arrangements/Startup.js": 1728795956000,
  "test/unit/unitTests.qunit.js": 1728795956000,
  "test/unit/AllTests.js": 1728795956000,
  "test/integration/opaTests.qunit.js": 1728795956000,
  "test/integration/NavigationJourney.js": 1728795956000,
  "test/integration/AllJourneys.js": 1728795956000,
  "test/testsuite.qunit.js": 1728795956000,
  "model/models.js": 1728795956000,
  "model/formatter.js": 1728795956000,
  "manifest.json": 1728806846980,
  "controller/IC_Banking.controller.js": 1728795956000,
  "controller/HomeToolPage.controller.js": 1728795956000,
  "controller/FAQ.controller.js": 1728795956000,
  "controller/CreateIC.controller.js": 1728795956000,
  "controller/ChangeIC.controller.js": 1728795956000,
  "i18n/i18n.properties": 1728795956000,
  "Component.js": 1728795956000,
  "manifest-bundle.zip": 1728806847031,
  "Component-preload.js": 1728806847748,
  "test/integration/pages/HomeToolPage-dbg.js": 1728795956000,
  "test/unit/controller/HomeToolPage-dbg.controller.js": 1728795956000,
  "test/integration/arrangements/Startup-dbg.js": 1728795956000,
  "test/unit/unitTests.qunit-dbg.js": 1728795956000,
  "test/unit/AllTests-dbg.js": 1728795956000,
  "test/integration/opaTests.qunit-dbg.js": 1728795956000,
  "test/integration/NavigationJourney-dbg.js": 1728795956000,
  "test/integration/AllJourneys-dbg.js": 1728795956000,
  "test/testsuite.qunit-dbg.js": 1728795956000,
  "model/models-dbg.js": 1728795956000,
  "model/formatter-dbg.js": 1728795956000,
  "controller/SearchIC-dbg.controller.js": 1728795956000,
  "controller/IC_Banking-dbg.controller.js": 1728795956000,
  "controller/HomeToolPage-dbg.controller.js": 1728795956000,
  "controller/FAQ-dbg.controller.js": 1728795956000,
  "controller/CreateIC-dbg.controller.js": 1728795956000,
  "controller/ChangeIC-dbg.controller.js": 1728795956000,
  "controller/BaseController-dbg.js": 1728795956000,
  "Component-dbg.js": 1728795956000,
  "neo-app.json": 1728806847906,
  "di.code-validation.core_issues.json": 1728806852873,
  "resources.json": 1728806852893,
  "test/unit/unitTests.qunit.html": 1728795956000,
  "test/integration/opaTests.qunit.html": 1728795956000,
  "view/SearchIC.view.xml": 1728795956000,
  "view/IC_Banking.view.xml": 1728795956000,
  "view/HomeToolPage.view.xml": 1728795956000,
  "view/FAQ.view.xml": 1728795956000,
  "view/CreateIC.view.xml": 1728795956000,
  "view/ChangeIC.view.xml": 1728795956000,
  "test/testsuite.qunit.html": 1728795956000,
  "css/style.css": 1728795956000,
  "Fragments/Home.fragment.xml": 1728795956000,
  "index.html": 1728795956000
}