{
    "resources": [
        {
            "name": "controller/SearchIC.controller.js"
        },
        {
            "name": "model/models.js"
        },
        {
            "name": "model/formatter.js"
        },
        {
            "name": "manifest.json"
        },
        {
            "name": "controller/IC_Banking.controller.js"
        },
        {
            "name": "controller/HomeToolPage.controller.js"
        },
        {
            "name": "controller/FAQ.controller.js"
        },
        {
            "name": "controller/CreateIC.controller.js"
        },
        {
            "name": "controller/ChangeIC.controller.js"
        },
        {
            "name": "controller/BaseController.js"
        },
        {
            "name": "Component.js"
        },
        {
            "name": "manifest-bundle.zip"
        },
        {
            "name": "Component-preload.js",
            "merged": true
        },
        {
            "name": "model/models-dbg.js",
            "isDebug": true
        },
        {
            "name": "model/formatter-dbg.js",
            "isDebug": true
        },
        {
            "name": "controller/SearchIC-dbg.controller.js",
            "isDebug": true
        },
        {
            "name": "controller/IC_Banking-dbg.controller.js",
            "isDebug": true
        },
        {
            "name": "controller/HomeToolPage-dbg.controller.js",
            "isDebug": true
        },
        {
            "name": "controller/FAQ-dbg.controller.js",
            "isDebug": true
        },
        {
            "name": "controller/CreateIC-dbg.controller.js",
            "isDebug": true
        },
        {
            "name": "controller/ChangeIC-dbg.controller.js",
            "isDebug": true
        },
        {
            "name": "controller/BaseController-dbg.js",
            "isDebug": true
        },
        {
            "name": "Component-dbg.js",
            "isDebug": true
        },
        {
            "name": "../../../sap-ui-version.json"
        },
        {
            "name": "neo-app.json"
        },
        {
            "name": "di.code-validation.core_issues.json"
        },
        {
            "name": "i18n/i18n.properties",
            "raw": "i18n/i18n.properties"
        },
        {
            "name": "view/SearchIC.view.xml"
        },
        {
            "name": "view/IC_Banking.view.xml"
        },
        {
            "name": "view/HomeToolPage.view.xml"
        },
        {
            "name": "view/FAQ.view.xml"
        },
        {
            "name": "view/CreateIC.view.xml"
        },
        {
            "name": "view/ChangeIC.view.xml"
        },
        {
            "name": "css/style.css"
        },
        {
            "name": "Fragments/Home.fragment.xml"
        },
        {
            "name": "index.html"
        }
    ]
}