<edmx:Edmx xmlns:edmx="http://schemas.microsoft.com/ado/2007/06/edmx"
	xmlns:m="http://schemas.microsoft.com/ado/2007/08/dataservices/metadata" xmlns:sap="http://www.sap.com/Protocols/SAPData" Version="1.0">
	<edmx:DataServices m:DataServiceVersion="2.0">
		<Schema xmlns="http://schemas.microsoft.com/ado/2008/09/edm" Namespace="Z8CF_VENDINV_SRV" xml:lang="en" sap:schema-version="1">
			<EntityType Name="getVendorInvoiceDetails" sap:content-version="1">
				<Key><PropertyRef Name="Xblnr"/></Key><Property Name="IRDATS" Type="Edm.DateTime" Precision="7" sap:unicode="false" sap:label="Current Date" sap:creatable="false"
					sap:updatable="false"/><Property Name="IBukrs" Type="Edm.String" Nullable="false" MaxLength="4" sap:unicode="false" sap:label="Company Code" sap:creatable="false"
					sap:updatable="false"/><Property Name="ILifnr" Type="Edm.String" MaxLength="10" sap:unicode="false" sap:label="Vendor" sap:creatable="false" sap:updatable="false"/><Property Name="Xblnr" Type="Edm.String" Nullable="false" MaxLength="16" sap:unicode="false" sap:label="Reference" sap:creatable="false"
					sap:updatable="false"/><Property Name="Blart" Type="Edm.String" MaxLength="2" sap:unicode="false" sap:label="Document Type" sap:creatable="false"
					sap:updatable="false" sap:sortable="false" sap:filterable="false"/><Property Name="Dabrz" Type="Edm.DateTime" Precision="7" sap:unicode="false" sap:label="Document Date" sap:creatable="false"
					sap:updatable="false" sap:sortable="false" sap:filterable="false"/><Property Name="Budat" Type="Edm.DateTime" Precision="7" sap:unicode="false" sap:label="Posting Date" sap:creatable="false"
					sap:updatable="false" sap:sortable="false" sap:filterable="false"/><Property Name="Waers" Type="Edm.String" MaxLength="5" sap:unicode="false" sap:label="Currency" sap:creatable="false" sap:updatable="false"
					sap:sortable="false" sap:filterable="false"/><Property Name="Wrbtr" Type="Edm.Decimal" Precision="13" Scale="2" sap:unicode="false" sap:label="Amount" sap:creatable="false"
					sap:updatable="false" sap:sortable="false" sap:filterable="false"/><Property Name="Hwaer" Type="Edm.String" MaxLength="5" sap:unicode="false" sap:label="Local Currency" sap:creatable="false"
					sap:updatable="false" sap:sortable="false" sap:filterable="false"/><Property Name="Dmbtr" Type="Edm.Decimal" Precision="13" Scale="2" sap:unicode="false" sap:label="Amount in LC" sap:creatable="false"
					sap:updatable="false" sap:sortable="false" sap:filterable="false"/><Property Name="Zbd1t" Type="Edm.DateTime" Precision="7" sap:unicode="false" sap:label="Date" sap:creatable="false" sap:updatable="false"
					sap:sortable="false" sap:filterable="false"/><Property Name="Zlspr" Type="Edm.String" MaxLength="1" sap:unicode="false" sap:label="Pmnt Block" sap:creatable="false"
					sap:updatable="false" sap:sortable="false" sap:filterable="false"/><Property Name="Zlsch" Type="Edm.String" MaxLength="1" sap:unicode="false" sap:label="Pymt Method" sap:creatable="false"
					sap:updatable="false" sap:sortable="false" sap:filterable="false"/><Property Name="Augbl" Type="Edm.String" MaxLength="10" sap:unicode="false" sap:label="Clrng doc." sap:creatable="false"
					sap:updatable="false" sap:sortable="false" sap:filterable="false"/><Property Name="BlartClr" Type="Edm.String" MaxLength="2" sap:unicode="false" sap:label="Document Type" sap:creatable="false"
					sap:updatable="false" sap:sortable="false" sap:filterable="false"/><Property Name="Stat" Type="Edm.String" MaxLength="20" sap:unicode="false" sap:label="Char20" sap:creatable="false" sap:updatable="false"
					sap:sortable="false" sap:filterable="false"/><Property Name="Bldat" Type="Edm.DateTime" Precision="7" sap:unicode="false" sap:label="Document Date" sap:creatable="false"
					sap:updatable="false" sap:sortable="false" sap:filterable="false"/><Property Name="Check" Type="Edm.String" MaxLength="13" sap:unicode="false" sap:label="Check number" sap:creatable="false"
					sap:updatable="false" sap:sortable="false" sap:filterable="false"/><Property Name="Date" Type="Edm.DateTime" Precision="7" sap:unicode="false" sap:label="Date" sap:creatable="false" sap:updatable="false"
					sap:sortable="false" sap:filterable="false"/></EntityType>
			<EntityType Name="getPoHeader" sap:content-version="1">
				<Key><PropertyRef Name="Ebeln"/></Key><Property Name="IBukrs" Type="Edm.String" MaxLength="4" sap:unicode="false" sap:label="Company Code" sap:creatable="false"
					sap:updatable="false" sap:sortable="false"/><Property Name="ILifnr" Type="Edm.String" MaxLength="10" sap:unicode="false" sap:label="Vendor" sap:creatable="false" sap:updatable="false"
					sap:sortable="false"/><Property Name="Ebeln" Type="Edm.String" Nullable="false" MaxLength="10" sap:unicode="false" sap:label="Purchasing Doc."
					sap:creatable="false" sap:updatable="false" sap:sortable="false"/><Property Name="Bukrs" Type="Edm.String" MaxLength="4" sap:unicode="false" sap:label="Company Code" sap:creatable="false"
					sap:updatable="false" sap:sortable="false"/><Property Name="IRDATS" Type="Edm.DateTime" Precision="0" sap:unicode="false" sap:label="Inclusive/exclusive" sap:creatable="false"
					sap:updatable="false" sap:sortable="false"/><NavigationProperty Name="poInvoiceDetails" Relationship="Z8CF_VENDINV_SRV.poInvoiceDetails" FromRole="FromRole_poInvoiceDetails"
					ToRole="ToRole_poInvoiceDetails"/></EntityType>
			<EntityType Name="getPoInvoice" sap:content-version="1">
				<Key><PropertyRef Name="Ebeln"/></Key><Property Name="Bukrs" Type="Edm.String" MaxLength="4" sap:unicode="false" sap:label="Company Code" sap:creatable="false"
					sap:updatable="false" sap:sortable="false"/><Property Name="Lifnr" Type="Edm.String" MaxLength="10" sap:unicode="false" sap:label="Vendor" sap:creatable="false" sap:updatable="false"
					sap:sortable="false"/><Property Name="Ebeln" Type="Edm.String" Nullable="false" MaxLength="10" sap:unicode="false" sap:label="Purchasing Doc."
					sap:creatable="false" sap:updatable="false" sap:sortable="false"/><Property Name="Bsart" Type="Edm.String" MaxLength="4" sap:unicode="false" sap:label="Document Type" sap:creatable="false"
					sap:updatable="false" sap:sortable="false" sap:filterable="false"/><Property Name="Bedat" Type="Edm.DateTime" Precision="7" sap:unicode="false" sap:label="Document Date" sap:creatable="false"
					sap:updatable="false" sap:sortable="false" sap:filterable="false"/><Property Name="Buzei" Type="Edm.String" MaxLength="4" sap:unicode="false" sap:label="Mat. Doc.Item" sap:creatable="false"
					sap:updatable="false" sap:sortable="false" sap:filterable="false"/><Property Name="BelnrMm" Type="Edm.String" MaxLength="10" sap:unicode="false" sap:label="Material Doc." sap:creatable="false"
					sap:updatable="false" sap:sortable="false" sap:filterable="false"/><Property Name="BelnrFi" Type="Edm.String" MaxLength="10" sap:unicode="false" sap:label="Document Number" sap:creatable="false"
					sap:updatable="false" sap:sortable="false" sap:filterable="false"/><Property Name="Xblnr" Type="Edm.String" MaxLength="16" sap:unicode="false" sap:label="Reference" sap:creatable="false"
					sap:updatable="false" sap:sortable="false" sap:filterable="false"/><Property Name="Blart" Type="Edm.String" MaxLength="2" sap:unicode="false" sap:label="Document Type" sap:creatable="false"
					sap:updatable="false" sap:sortable="false" sap:filterable="false"/><Property Name="Dabrz" Type="Edm.DateTime" Precision="7" sap:unicode="false" sap:label="Document Date" sap:creatable="false"
					sap:updatable="false" sap:sortable="false" sap:filterable="false"/><Property Name="Budat" Type="Edm.DateTime" Precision="7" sap:unicode="false" sap:label="Posting Date" sap:creatable="false"
					sap:updatable="false" sap:sortable="false" sap:filterable="false"/><Property Name="Waers" Type="Edm.String" MaxLength="5" sap:unicode="false" sap:label="Currency" sap:creatable="false" sap:updatable="false"
					sap:sortable="false" sap:filterable="false"/><Property Name="Wrbtr" Type="Edm.Decimal" Precision="13" Scale="2" sap:unicode="false" sap:label="Amount" sap:creatable="false"
					sap:updatable="false" sap:sortable="false" sap:filterable="false"/><Property Name="Hwaer" Type="Edm.String" MaxLength="5" sap:unicode="false" sap:label="Local Currency" sap:creatable="false"
					sap:updatable="false" sap:sortable="false" sap:filterable="false"/><Property Name="Dmbtr" Type="Edm.Decimal" Precision="13" Scale="2" sap:unicode="false" sap:label="Amount in LC" sap:creatable="false"
					sap:updatable="false" sap:sortable="false" sap:filterable="false"/><Property Name="Zbd1t" Type="Edm.DateTime" Precision="7" sap:unicode="false" sap:label="Date" sap:creatable="false" sap:updatable="false"
					sap:sortable="false" sap:filterable="false"/><Property Name="Zlspr" Type="Edm.String" MaxLength="1" sap:unicode="false" sap:label="Pmnt Block" sap:creatable="false"
					sap:updatable="false" sap:sortable="false" sap:filterable="false"/><Property Name="Zlsch" Type="Edm.String" MaxLength="1" sap:unicode="false" sap:label="Pymt Method" sap:creatable="false"
					sap:updatable="false" sap:sortable="false" sap:filterable="false"/><Property Name="Augbl" Type="Edm.String" MaxLength="10" sap:unicode="false" sap:label="Clrng doc." sap:creatable="false"
					sap:updatable="false" sap:sortable="false" sap:filterable="false"/><Property Name="BlartClr" Type="Edm.String" MaxLength="2" sap:unicode="false" sap:label="Document Type" sap:creatable="false"
					sap:updatable="false" sap:sortable="false" sap:filterable="false"/><Property Name="Stat" Type="Edm.String" MaxLength="20" sap:unicode="false" sap:label="Char20" sap:creatable="false" sap:updatable="false"
					sap:sortable="false" sap:filterable="false"/><Property Name="Bldat" Type="Edm.DateTime" Precision="7" sap:unicode="false" sap:label="Document Date" sap:creatable="false"
					sap:updatable="false" sap:sortable="false" sap:filterable="false"/><Property Name="Check" Type="Edm.String" MaxLength="13" sap:unicode="false" sap:label="Check number" sap:creatable="false"
					sap:updatable="false" sap:sortable="false" sap:filterable="false"/><Property Name="Date" Type="Edm.DateTime" Precision="7" sap:unicode="false" sap:label="Payment date" sap:creatable="false"
					sap:updatable="false" sap:sortable="false" sap:filterable="false"/></EntityType>
			<Association Name="poInvoiceDetails" sap:content-version="1"><End Type="Z8CF_VENDINV_SRV.getPoHeader" Multiplicity="1" Role="FromRole_poInvoiceDetails"/><End Type="Z8CF_VENDINV_SRV.getPoInvoice" Multiplicity="*" Role="ToRole_poInvoiceDetails"/>
				<ReferentialConstraint>
					<Principal Role="FromRole_poInvoiceDetails"><PropertyRef Name="Ebeln"/></Principal>
					<Dependent Role="ToRole_poInvoiceDetails"><PropertyRef Name="Ebeln"/></Dependent>
				</ReferentialConstraint>
			</Association>
			<EntityContainer Name="Z8CF_VENDINV_SRV_Entities" m:IsDefaultEntityContainer="true" sap:supported-formats="atom json xlsx"><EntitySet Name="getVendorInvoiceDetailsSet" EntityType="Z8CF_VENDINV_SRV.getVendorInvoiceDetails" sap:creatable="false"
				sap:updatable="false" sap:deletable="false" sap:pageable="false" sap:content-version="1"/><EntitySet Name="getPoHeaderSet" EntityType="Z8CF_VENDINV_SRV.getPoHeader" sap:creatable="false" sap:updatable="false" sap:deletable="false"
				sap:pageable="false" sap:content-version="1"/><EntitySet Name="getPoInvoiceSet" EntityType="Z8CF_VENDINV_SRV.getPoInvoice" sap:creatable="false" sap:updatable="false"
				sap:deletable="false" sap:pageable="false" sap:content-version="1"/>
				<AssociationSet Name="poInvoiceDetailsSet" Association="Z8CF_VENDINV_SRV.poInvoiceDetails" sap:creatable="false" sap:updatable="false"
					sap:deletable="false" sap:content-version="1"><End EntitySet="getPoHeaderSet" Role="FromRole_poInvoiceDetails"/><End EntitySet="getPoInvoiceSet" Role="ToRole_poInvoiceDetails"/></AssociationSet>
			</EntityContainer><atom:link xmlns:atom="http://www.w3.org/2005/Atom" rel="self" href="./sap/Z8CF_VENDINV_SRV/$metadata"/><atom:link xmlns:atom="http://www.w3.org/2005/Atom" rel="latest-version" href="./sap/Z8CF_VENDINV_SRV/$metadata"/></Schema>
	</edmx:DataServices>
</edmx:Edmx>