{
    "resources": [
        {
            "name": "../vendInv/manifest.json"
        },
        {
            "name": "../vendInv/i18n/i18n.properties",
            "raw": "i18n/i18n.properties"
        },
        {
            "name": "../vendInv/model/models.js"
        },
        {
            "name": "../vendInv/model/formatter.js"
        },
        {
            "name": "../vendInv/controller/PO_Report.controller.js"
        },
        {
            "name": "../vendInv/controller/Login.controller.js"
        },
        {
            "name": "../vendInv/controller/ListSelector.js"
        },
        {
            "name": "../vendInv/controller/Invoice_Report.controller.js"
        },
        {
            "name": "../vendInv/controller/ErrorHandler.js"
        },
        {
            "name": "../vendInv/controller/BaseController.js"
        },
        {
            "name": "../vendInv/serviceBinding.js"
        },
        {
            "name": "../vendInv/Component.js"
        },
        {
            "name": "../vendInv/manifest-bundle.zip"
        },
        {
            "name": "../vendInv/Component-preload.js",
            "merged": true
        },
        {
            "name": "../vendInv/model/formatter-dbg.js",
            "isDebug": true
        },
        {
            "name": "../vendInv/model/models-dbg.js",
            "isDebug": true
        },
        {
            "name": "../vendInv/controller/PO_Report-dbg.controller.js",
            "isDebug": true
        },
        {
            "name": "../vendInv/controller/Login-dbg.controller.js",
            "isDebug": true
        },
        {
            "name": "../vendInv/controller/ListSelector-dbg.js",
            "isDebug": true
        },
        {
            "name": "../vendInv/controller/Invoice_Report-dbg.controller.js",
            "isDebug": true
        },
        {
            "name": "../vendInv/controller/ErrorHandler-dbg.js",
            "isDebug": true
        },
        {
            "name": "../vendInv/controller/BaseController-dbg.js",
            "isDebug": true
        },
        {
            "name": "../vendInv/serviceBinding-dbg.js",
            "isDebug": true
        },
        {
            "name": "../vendInv/Component-dbg.js",
            "isDebug": true
        },
        {
            "name": "../../../sap-ui-version.json"
        },
        {
            "name": "neo-app.json"
        },
        {
            "name": "di.code-validation.core_issues.json"
        },
        {
            "name": "../vendInv/view/ViewSettingsDialog1.fragment.xml"
        },
        {
            "name": "../vendInv/view/ViewSettingsDialog.fragment.xml"
        },
        {
            "name": "../vendInv/view/PO_Report.view.xml"
        },
        {
            "name": "../vendInv/view/Login.view.xml"
        },
        {
            "name": "../vendInv/view/Invoice_Report.view.xml"
        },
        {
            "name": "../vendInv/localService/metadata.xml"
        },
        {
            "name": "../vendInv/fragments/vendorValueHelp.fragment.xml"
        },
        {
            "name": "../vendInv/fragments/poValueHelp.fragment.xml"
        },
        {
            "name": "../vendInv/fragments/ValueHelpTable.fragment.xml"
        },
        {
            "name": "../vendInv/fragments/InvoiceImage.fragment.xml"
        },
        {
            "name": "../vendInv/css/style.css"
        },
        {
            "name": "../vendInv/index.html"
        }
    ]
}