<edmx:Edmx xmlns:edmx="http://schemas.microsoft.com/ado/2007/06/edmx"
	xmlns:m="http://schemas.microsoft.com/ado/2007/08/dataservices/metadata" xmlns:sap="http://www.sap.com/Protocols/SAPData" Version="1.0">
	<edmx:DataServices m:DataServiceVersion="2.0">
		<Schema xmlns="http://schemas.microsoft.com/ado/2008/09/edm" Namespace="Z8CZ_WORKDAY_ADAPTIVE_SRV" xml:lang="en" sap:schema-version="1">
			<EntityType Name="Access_Rules" sap:content-version="1">
				<Key><PropertyRef Name="User_ID"/></Key><Property Name="User_ID" Type="Edm.String" Nullable="false" sap:unicode="false" sap:label="User 521 ID" sap:creatable="false"
					sap:updatable="false" sap:sortable="false" sap:filterable="false"/><Property Name="System_ID" Type="Edm.String" Nullable="false" sap:unicode="false" sap:label="System Detail" sap:creatable="false"
					sap:updatable="false" sap:sortable="false" sap:filterable="false"/><Property Name="INSTANCE" Type="Edm.String" Nullable="false" sap:unicode="false" sap:label="Instance" sap:creatable="false"
					sap:updatable="false" sap:sortable="false" sap:filterable="false"/><Property Name="ACCESS_TYPE" Type="Edm.String" Nullable="false" sap:unicode="false" sap:label="Access Type" sap:creatable="false"
					sap:updatable="false" sap:sortable="false" sap:filterable="false"/><Property Name="GWA" Type="Edm.String" Nullable="false" sap:unicode="false" sap:label="Global Workforce Access" sap:creatable="false"
					sap:updatable="false" sap:sortable="false" sap:filterable="false"/><Property Name="NDA" Type="Edm.String" Nullable="false" sap:unicode="false" sap:label="NDA" sap:creatable="false" sap:updatable="false"
					sap:sortable="false" sap:filterable="false"/><Property Name="MARKET" Type="Edm.String" Nullable="false" sap:unicode="false" sap:label="Aspire Market" sap:creatable="false"
					sap:updatable="false" sap:sortable="false" sap:filterable="false"/><Property Name="FUNC_AREA" Type="Edm.String" Nullable="false" sap:unicode="false" sap:label="Funcational Area" sap:creatable="false"
					sap:updatable="false" sap:sortable="false" sap:filterable="false"/><Property Name="FRANCHISE" Type="Edm.String" Nullable="false" sap:unicode="false" sap:label="Franchise" sap:creatable="false"
					sap:updatable="false" sap:sortable="false" sap:filterable="false"/><Property Name="COST_CENTER" Type="Edm.String" Nullable="false" sap:unicode="false" sap:label="Cost Center" sap:creatable="false"
					sap:updatable="false" sap:sortable="false" sap:filterable="false"/><Property Name="COUNTRY" Type="Edm.String" Nullable="false" sap:unicode="false" sap:label="Country" sap:creatable="false"
					sap:updatable="false" sap:sortable="false" sap:filterable="false"/><Property Name="LOCATION" Type="Edm.String" Nullable="false" sap:unicode="false" sap:label="Location" sap:creatable="false"
					sap:updatable="false" sap:sortable="false" sap:filterable="false"/></EntityType>
			<EntityType Name="Instance" sap:content-version="1">
				<Key><PropertyRef Name="User_ID"/></Key><Property Name="User_ID" Type="Edm.String" Nullable="false" sap:unicode="false" sap:label="User ID" sap:creatable="false"
					sap:updatable="false" sap:sortable="false" sap:filterable="false"/><Property Name="System_ID" Type="Edm.String" Nullable="false" sap:unicode="false" sap:label="System Detail" sap:creatable="false"
					sap:updatable="false" sap:sortable="false" sap:filterable="false"/><Property Name="INSTANCE_ID" Type="Edm.String" Nullable="false" sap:unicode="false" sap:label="Insatnce ID" sap:creatable="false"
					sap:updatable="false" sap:sortable="false" sap:filterable="false"/><Property Name="INSTANCE" Type="Edm.String" Nullable="false" sap:unicode="false" sap:label="Instance" sap:creatable="false"
					sap:updatable="false" sap:sortable="false" sap:filterable="false"/></EntityType>
			<EntityType Name="SegLevel" sap:content-version="1">
				<Key><PropertyRef Name="User_ID"/></Key><Property Name="User_ID" Type="Edm.String" Nullable="false" sap:unicode="false" sap:label="User ID" sap:creatable="false"
					sap:updatable="false" sap:sortable="false" sap:filterable="false"/><Property Name="Seglevel" Type="Edm.String" Nullable="false" sap:unicode="false" sap:label="Segregation Level" sap:creatable="false"
					sap:updatable="false" sap:sortable="false" sap:filterable="false"/></EntityType>
			<EntityType Name="Country" sap:content-version="1">
				<Key><PropertyRef Name="User_ID"/></Key><Property Name="User_ID" Type="Edm.String" Nullable="false" sap:unicode="false" sap:label="User ID" sap:creatable="false"
					sap:updatable="false" sap:sortable="false" sap:filterable="false"/><Property Name="CONTRY" Type="Edm.String" Nullable="false" sap:unicode="false" sap:label="Country/region" sap:creatable="false"
					sap:updatable="false" sap:sortable="false" sap:filterable="false"/></EntityType>
			<EntityType Name="User_Details" sap:content-version="1">
				<Key><PropertyRef Name="User_ID"/></Key><Property Name="User_ID" Type="Edm.String" Nullable="false" sap:unicode="false" sap:label="User Id" sap:creatable="false"
					sap:updatable="false" sap:sortable="false" sap:filterable="false"/><Property Name="Division" Type="Edm.String" Nullable="false" sap:unicode="false" sap:label="Division" sap:creatable="false"
					sap:updatable="false" sap:sortable="false" sap:filterable="false"/><Property Name="Name" Type="Edm.String" Nullable="false" sap:unicode="false" sap:label="Name of User" sap:creatable="false"
					sap:updatable="false" sap:sortable="false" sap:filterable="false"/><Property Name="Country" Type="Edm.String" Nullable="false" sap:unicode="false" sap:label="Country" sap:creatable="false"
					sap:updatable="false" sap:sortable="false" sap:filterable="false"/><Property Name="Department" Type="Edm.String" Nullable="false" sap:unicode="false" sap:label="Department" sap:creatable="false"
					sap:updatable="false" sap:sortable="false" sap:filterable="false"/><Property Name="Job_Title" Type="Edm.String" Nullable="false" sap:unicode="false" sap:label="Job Designation" sap:creatable="false"
					sap:updatable="false" sap:sortable="false" sap:filterable="false"/><Property Name="Email" Type="Edm.String" Nullable="false" sap:unicode="false" sap:label="Email ID of the User" sap:creatable="false"
					sap:updatable="false" sap:sortable="false" sap:filterable="false"/><Property Name="Reason" Type="Edm.String" Nullable="false" sap:unicode="false" sap:label="Request Reason" sap:creatable="false"
					sap:updatable="false" sap:sortable="false" sap:filterable="false"/><Property Name="Appl_ID" Type="Edm.String" Nullable="false" sap:unicode="false" sap:creatable="false" sap:updatable="false"
					sap:sortable="false" sap:filterable="false"/><Property Name="System_ID" Type="Edm.String" Nullable="false" sap:unicode="false" sap:creatable="false" sap:updatable="false"
					sap:sortable="false" sap:filterable="false"/><Property Name="Creator_ID" Type="Edm.String" Nullable="false" sap:unicode="false" sap:creatable="false" sap:updatable="false"
					sap:sortable="false" sap:filterable="false"/><Property Name="request_type" Type="Edm.String" Nullable="false" sap:unicode="false" sap:creatable="false" sap:updatable="false"
					sap:sortable="false" sap:filterable="false"/><Property Name="system" Type="Edm.String" Nullable="false" sap:unicode="false" sap:creatable="false" sap:updatable="false"
					sap:sortable="false" sap:filterable="false"/><NavigationProperty Name="Nav_Header_To_Instance" Relationship="Z8CZ_WORKDAY_ADAPTIVE_SRV.Asso_Header_To_Instance"
					FromRole="FromRole_Asso_Header_To_Instance" ToRole="ToRole_Asso_Header_To_Instance"/><NavigationProperty Name="Nav_Header_To_Seglevel" Relationship="Z8CZ_WORKDAY_ADAPTIVE_SRV.Asso_Header_To_Seglevel"
					FromRole="FromRole_Asso_Header_To_Seglevel" ToRole="ToRole_Asso_Header_To_Seglevel"/><NavigationProperty Name="Nav_Header_To_Country" Relationship="Z8CZ_WORKDAY_ADAPTIVE_SRV.Asso_Header_To_Country"
					FromRole="FromRole_Asso_Header_To_Country" ToRole="ToRole_Asso_Header_To_Country"/><NavigationProperty Name="Nav_Header_To_Permission" Relationship="Z8CZ_WORKDAY_ADAPTIVE_SRV.Asso_Header_To_Permission"
					FromRole="FromRole_Asso_Header_To_Permission" ToRole="ToRole_Asso_Header_To_Permission"/><NavigationProperty Name="Nav_Header_To_Ret" Relationship="Z8CZ_WORKDAY_ADAPTIVE_SRV.Asso_Header_To_Ret"
					FromRole="FromRole_Asso_Header_To_Ret" ToRole="ToRole_Asso_Header_To_Ret"/></EntityType>
			<EntityType Name="Permission" sap:content-version="1">
				<Key><PropertyRef Name="User_ID"/></Key><Property Name="User_ID" Type="Edm.String" Nullable="false" sap:unicode="false" sap:label="User ID" sap:creatable="false"
					sap:updatable="false" sap:sortable="false" sap:filterable="false"/><Property Name="Permission_ID" Type="Edm.String" Nullable="false" sap:unicode="false" sap:label="Permission ID" sap:creatable="false"
					sap:updatable="false" sap:sortable="false" sap:filterable="false"/><Property Name="Permission_Name" Type="Edm.String" Nullable="false" sap:unicode="false" sap:label="Permission Name" sap:creatable="false"
					sap:updatable="false" sap:sortable="false" sap:filterable="false"/></EntityType>
			<EntityType Name="Return" sap:content-version="1">
				<Key><PropertyRef Name="User_ID"/></Key><Property Name="User_ID" Type="Edm.String" Nullable="false" sap:unicode="false" sap:label="User 5-2-1 ID" sap:creatable="false"
					sap:updatable="false" sap:sortable="false" sap:filterable="false"/><Property Name="ReqNo" Type="Edm.String" Nullable="false" sap:unicode="false" sap:label="Saviynt Request Number" sap:creatable="false"
					sap:updatable="false" sap:sortable="false" sap:filterable="false"/><Property Name="SySubrc" Type="Edm.String" Nullable="false" sap:unicode="false" sap:label="Sy-Subrc value" sap:creatable="false"
					sap:updatable="false" sap:sortable="false" sap:filterable="false"/><Property Name="MsgText" Type="Edm.String" Nullable="false" sap:unicode="false" sap:label="Message Text" sap:creatable="false"
					sap:updatable="false" sap:sortable="false" sap:filterable="false"/><Property Name="MsgType" Type="Edm.String" Nullable="false" sap:unicode="false" sap:label="Message Type" sap:creatable="false"
					sap:updatable="false" sap:sortable="false" sap:filterable="false"/><Property Name="Field" Type="Edm.String" Nullable="false" sap:unicode="false" sap:label="Field" sap:creatable="false" sap:updatable="false"
					sap:sortable="false" sap:filterable="false"/><Property Name="Row" Type="Edm.String" Nullable="false" sap:unicode="false" sap:label="Row" sap:creatable="false" sap:updatable="false"
					sap:sortable="false" sap:filterable="false"/></EntityType>
			<Association Name="Asso_Header_To_Seglevel" sap:content-version="1"><End Type="Z8CZ_WORKDAY_ADAPTIVE_SRV.User_Details" Multiplicity="0..1" Role="FromRole_Asso_Header_To_Seglevel"/><End Type="Z8CZ_WORKDAY_ADAPTIVE_SRV.SegLevel" Multiplicity="*" Role="ToRole_Asso_Header_To_Seglevel"/>
				<ReferentialConstraint>
					<Principal Role="FromRole_Asso_Header_To_Seglevel"><PropertyRef Name="User_ID"/></Principal>
					<Dependent Role="ToRole_Asso_Header_To_Seglevel"><PropertyRef Name="User_ID"/></Dependent>
				</ReferentialConstraint>
			</Association>
			<Association Name="Asso_Header_To_Country" sap:content-version="1"><End Type="Z8CZ_WORKDAY_ADAPTIVE_SRV.User_Details" Multiplicity="0..1" Role="FromRole_Asso_Header_To_Country"/><End Type="Z8CZ_WORKDAY_ADAPTIVE_SRV.Country" Multiplicity="*" Role="ToRole_Asso_Header_To_Country"/>
				<ReferentialConstraint>
					<Principal Role="FromRole_Asso_Header_To_Country"><PropertyRef Name="User_ID"/></Principal>
					<Dependent Role="ToRole_Asso_Header_To_Country"><PropertyRef Name="User_ID"/></Dependent>
				</ReferentialConstraint>
			</Association>
			<Association Name="Asso_Header_To_Permission" sap:content-version="1"><End Type="Z8CZ_WORKDAY_ADAPTIVE_SRV.User_Details" Multiplicity="0..1" Role="FromRole_Asso_Header_To_Permission"/><End Type="Z8CZ_WORKDAY_ADAPTIVE_SRV.Permission" Multiplicity="*" Role="ToRole_Asso_Header_To_Permission"/>
				<ReferentialConstraint>
					<Principal Role="FromRole_Asso_Header_To_Permission"><PropertyRef Name="User_ID"/></Principal>
					<Dependent Role="ToRole_Asso_Header_To_Permission"><PropertyRef Name="User_ID"/></Dependent>
				</ReferentialConstraint>
			</Association>
			<Association Name="Asso_Header_To_Ret" sap:content-version="1"><End Type="Z8CZ_WORKDAY_ADAPTIVE_SRV.User_Details" Multiplicity="0..1" Role="FromRole_Asso_Header_To_Ret"/><End Type="Z8CZ_WORKDAY_ADAPTIVE_SRV.Return" Multiplicity="*" Role="ToRole_Asso_Header_To_Ret"/>
				<ReferentialConstraint>
					<Principal Role="FromRole_Asso_Header_To_Ret"><PropertyRef Name="User_ID"/></Principal>
					<Dependent Role="ToRole_Asso_Header_To_Ret"><PropertyRef Name="User_ID"/></Dependent>
				</ReferentialConstraint>
			</Association>
			<Association Name="Asso_Header_To_Instance" sap:content-version="1"><End Type="Z8CZ_WORKDAY_ADAPTIVE_SRV.User_Details" Multiplicity="0..1" Role="FromRole_Asso_Header_To_Instance"/><End Type="Z8CZ_WORKDAY_ADAPTIVE_SRV.Instance" Multiplicity="*" Role="ToRole_Asso_Header_To_Instance"/>
				<ReferentialConstraint>
					<Principal Role="FromRole_Asso_Header_To_Instance"><PropertyRef Name="User_ID"/></Principal>
					<Dependent Role="ToRole_Asso_Header_To_Instance"><PropertyRef Name="User_ID"/></Dependent>
				</ReferentialConstraint>
			</Association>
			<EntityContainer Name="Z8CZ_WORKDAY_ADAPTIVE_SRV_Entities" m:IsDefaultEntityContainer="true" sap:supported-formats="atom json xlsx"><EntitySet Name="Access_RulesSet" EntityType="Z8CZ_WORKDAY_ADAPTIVE_SRV.Access_Rules" sap:creatable="false" sap:updatable="false"
				sap:deletable="false" sap:pageable="false" sap:addressable="false" sap:content-version="1"/><EntitySet Name="InstanceSet" EntityType="Z8CZ_WORKDAY_ADAPTIVE_SRV.Instance" sap:creatable="false" sap:updatable="false"
				sap:deletable="false" sap:pageable="false" sap:addressable="false" sap:content-version="1"/><EntitySet Name="SegLevelSet" EntityType="Z8CZ_WORKDAY_ADAPTIVE_SRV.SegLevel" sap:creatable="false" sap:updatable="false"
				sap:deletable="false" sap:pageable="false" sap:addressable="false" sap:content-version="1"/><EntitySet Name="CountrySet" EntityType="Z8CZ_WORKDAY_ADAPTIVE_SRV.Country" sap:creatable="false" sap:updatable="false"
				sap:deletable="false" sap:pageable="false" sap:addressable="false" sap:content-version="1"/><EntitySet Name="User_DetailsSet" EntityType="Z8CZ_WORKDAY_ADAPTIVE_SRV.User_Details" sap:creatable="false" sap:updatable="false"
				sap:deletable="false" sap:pageable="false" sap:addressable="false" sap:content-version="1"/><EntitySet Name="PermissionSet" EntityType="Z8CZ_WORKDAY_ADAPTIVE_SRV.Permission" sap:creatable="false" sap:updatable="false"
				sap:deletable="false" sap:pageable="false" sap:addressable="false" sap:content-version="1"/><EntitySet Name="ReturnSet" EntityType="Z8CZ_WORKDAY_ADAPTIVE_SRV.Return" sap:creatable="false" sap:updatable="false" sap:deletable="false"
				sap:pageable="false" sap:addressable="false" sap:content-version="1"/>
				<AssociationSet Name="Asso_Header_To_CountrySet" Association="Z8CZ_WORKDAY_ADAPTIVE_SRV.Asso_Header_To_Country" sap:creatable="false"
					sap:updatable="false" sap:deletable="false" sap:content-version="1"><End EntitySet="User_DetailsSet" Role="FromRole_Asso_Header_To_Country"/><End EntitySet="CountrySet" Role="ToRole_Asso_Header_To_Country"/></AssociationSet>
				<AssociationSet Name="Asso_Header_To_SeglevelSet" Association="Z8CZ_WORKDAY_ADAPTIVE_SRV.Asso_Header_To_Seglevel" sap:creatable="false"
					sap:updatable="false" sap:deletable="false" sap:content-version="1"><End EntitySet="User_DetailsSet" Role="FromRole_Asso_Header_To_Seglevel"/><End EntitySet="SegLevelSet" Role="ToRole_Asso_Header_To_Seglevel"/></AssociationSet>
				<AssociationSet Name="Asso_Header_To_InstanceSet" Association="Z8CZ_WORKDAY_ADAPTIVE_SRV.Asso_Header_To_Instance" sap:creatable="false"
					sap:updatable="false" sap:deletable="false" sap:content-version="1"><End EntitySet="User_DetailsSet" Role="FromRole_Asso_Header_To_Instance"/><End EntitySet="InstanceSet" Role="ToRole_Asso_Header_To_Instance"/></AssociationSet>
				<AssociationSet Name="Asso_Header_To_RetSet" Association="Z8CZ_WORKDAY_ADAPTIVE_SRV.Asso_Header_To_Ret" sap:creatable="false"
					sap:updatable="false" sap:deletable="false" sap:content-version="1"><End EntitySet="User_DetailsSet" Role="FromRole_Asso_Header_To_Ret"/><End EntitySet="ReturnSet" Role="ToRole_Asso_Header_To_Ret"/></AssociationSet>
				<AssociationSet Name="Asso_Header_To_PermissionSet" Association="Z8CZ_WORKDAY_ADAPTIVE_SRV.Asso_Header_To_Permission" sap:creatable="false"
					sap:updatable="false" sap:deletable="false" sap:content-version="1"><End EntitySet="User_DetailsSet" Role="FromRole_Asso_Header_To_Permission"/><End EntitySet="PermissionSet" Role="ToRole_Asso_Header_To_Permission"/></AssociationSet>
			</EntityContainer><atom:link xmlns:atom="http://www.w3.org/2005/Atom" rel="self" href="./sap/Z8CZ_WORKDAY_ADAPTIVE_SRV/$metadata"/><atom:link xmlns:atom="http://www.w3.org/2005/Atom" rel="latest-version" href="./sap/Z8CZ_WORKDAY_ADAPTIVE_SRV/$metadata"/></Schema>
	</edmx:DataServices>
</edmx:Edmx>