{
  "css/style.css": 1666010788000,
  "test/unit/AllTests.js": 1666010788000,
  "test/unit/controller/View1.controller.js": 1666010788000,
  "test/integration/pages/View1.js": 1666010788000,
  "test/integration/arrangements/Startup.js": 1666010788000,
  "test/unit/unitTests.qunit.js": 1666010788000,
  "manifest.json": 1666021678116,
  "test/integration/opaTests.qunit.js": 1666010788000,
  "test/integration/NavigationJourney.js": 1666010788000,
  "test/integration/AllJourneys.js": 1666010788000,
  "test/testsuite.qunit.js": 1666010788000,
  "model/models.js": 1666010788000,
  "model/formatter.js": 1666010788000,
  "controller/PO_Report.controller.js": 1666010788000,
  "controller/Login.controller.js": 1666010788000,
  "controller/ListSelector.js": 1666010788000,
  "controller/Invoice_Report.controller.js": 1666010788000,
  "controller/ErrorHandler.js": 1666010788000,
  "controller/BaseController.js": 1666010788000,
  "serviceBinding.js": 1666010788000,
  "Component.js": 1666010788000,
  "manifest-bundle.zip": 1666021678159,
  "Component-preload.js": 1666021679450,
  "model/formatter-dbg.js": 1666010788000,
  "test/integration/pages/View1-dbg.js": 1666010788000,
  "test/integration/arrangements/Startup-dbg.js": 1666010788000,
  "test/unit/unitTests.qunit-dbg.js": 1666010788000,
  "test/unit/AllTests-dbg.js": 1666010788000,
  "test/integration/opaTests.qunit-dbg.js": 1666010788000,
  "test/integration/NavigationJourney-dbg.js": 1666010788000,
  "test/integration/AllJourneys-dbg.js": 1666010788000,
  "test/testsuite.qunit-dbg.js": 1666010788000,
  "model/models-dbg.js": 1666010788000,
  "test/unit/controller/View1-dbg.controller.js": 1666010788000,
  "controller/PO_Report-dbg.controller.js": 1666010788000,
  "controller/Login-dbg.controller.js": 1666010788000,
  "controller/ListSelector-dbg.js": 1666010788000,
  "controller/Invoice_Report-dbg.controller.js": 1666010788000,
  "controller/ErrorHandler-dbg.js": 1666010788000,
  "controller/BaseController-dbg.js": 1666010788000,
  "serviceBinding-dbg.js": 1666010788000,
  "Component-dbg.js": 1666010788000,
  "test/unit/unitTests.qunit.html": 1666010788000,
  "test/integration/opaTests.qunit.html": 1666010788000,
  "view/ViewSettingsDialog1.fragment.xml": 1666010788000,
  "view/ViewSettingsDialog.fragment.xml": 1666010788000,
  "view/PO_Report.view.xml": 1666010788000,
  "view/Login.view.xml": 1666010788000,
  "view/Invoice_Report.view.xml": 1666010788000,
  "test/testsuite.qunit.html": 1666010788000,
  "localService/metadata.xml": 1666010788000,
  "fragments/vendorValueHelp.fragment.xml": 1666010788000,
  "fragments/poValueHelp.fragment.xml": 1666010788000,
  "fragments/ValueHelpTable.fragment.xml": 1666010788000,
  "fragments/InvoiceImage.fragment.xml": 1666010788000,
  "i18n/i18n.properties": 1666010788000,
  "index.html": 1666010788000
}