{
    "resources": [
        {
            "name": "../MyBank/model/models.js"
        },
        {
            "name": "../MyBank/i18n/i18n.properties",
            "raw": "i18n/i18n.properties"
        },
        {
            "name": "../MyBank/util/formatter.js"
        },
        {
            "name": "../MyBank/manifest.json"
        },
        {
            "name": "../MyBank/controller/Home.controller.js"
        },
        {
            "name": "../MyBank/serviceBinding.js"
        },
        {
            "name": "../MyBank/Component.js"
        },
        {
            "name": "../MyBank/manifest-bundle.zip"
        },
        {
            "name": "../MyBank/Component-preload.js",
            "merged": true
        },
        {
            "name": "../MyBank/model/models-dbg.js",
            "isDebug": true
        },
        {
            "name": "../MyBank/util/formatter-dbg.js",
            "isDebug": true
        },
        {
            "name": "../MyBank/controller/Home-dbg.controller.js",
            "isDebug": true
        },
        {
            "name": "../MyBank/serviceBinding-dbg.js",
            "isDebug": true
        },
        {
            "name": "../MyBank/Component-dbg.js",
            "isDebug": true
        },
        {
            "name": "../../../sap-ui-version.json"
        },
        {
            "name": "di.code-validation.core_issues.json"
        },
        {
            "name": "../MyBank/view/fragments/key.fragment.xml"
        },
        {
            "name": "../MyBank/view/fragments/Message.fragment.xml"
        },
        {
            "name": "../MyBank/localService/Z8C_MYBANK_SRC_SRV/metadata.xml"
        },
        {
            "name": "../MyBank/view/Home.view.xml"
        },
        {
            "name": "../MyBank/localService/metadata.xml"
        },
        {
            "name": "../MyBank/css/style.css"
        },
        {
            "name": "../MyBank/index.html"
        }
    ]
}