<edmx:Edmx xmlns:edmx="http://schemas.microsoft.com/ado/2007/06/edmx"
	xmlns:m="http://schemas.microsoft.com/ado/2007/08/dataservices/metadata" xmlns:sap="http://www.sap.com/Protocols/SAPData" Version="1.0">
	<edmx:DataServices m:DataServiceVersion="2.0">
		<Schema xmlns="http://schemas.microsoft.com/ado/2008/09/edm" Namespace="ZUAM_ALCON_DCT_SRV" xml:lang="en" sap:schema-version="1">
			<EntityType Name="User_Details" sap:content-version="1">
				<Key><PropertyRef Name="User_ID"/></Key><Property Name="User_ID" Type="Edm.String" Nullable="false" sap:unicode="false" sap:label="User Id" sap:creatable="false"
					sap:updatable="false" sap:sortable="false" sap:filterable="false"/><Property Name="Division" Type="Edm.String" Nullable="false" sap:unicode="false" sap:label="Division" sap:creatable="false"
					sap:updatable="false" sap:sortable="false" sap:filterable="false"/><Property Name="Name" Type="Edm.String" Nullable="false" sap:unicode="false" sap:label="Name of User" sap:creatable="false"
					sap:updatable="false" sap:sortable="false" sap:filterable="false"/><Property Name="Country" Type="Edm.String" Nullable="false" sap:unicode="false" sap:label="Country" sap:creatable="false"
					sap:updatable="false" sap:sortable="false" sap:filterable="false"/><Property Name="Department" Type="Edm.String" Nullable="false" sap:unicode="false" sap:label="Department" sap:creatable="false"
					sap:updatable="false" sap:sortable="false" sap:filterable="false"/><Property Name="Job_Title" Type="Edm.String" Nullable="false" sap:unicode="false" sap:label="Job Designation" sap:creatable="false"
					sap:updatable="false" sap:sortable="false" sap:filterable="false"/><Property Name="Line_Manager" Type="Edm.String" Nullable="false" sap:unicode="false" sap:label="Line Manager of Requestor"
					sap:creatable="false" sap:updatable="false" sap:sortable="false" sap:filterable="false"/><Property Name="Email" Type="Edm.String" Nullable="false" sap:unicode="false" sap:label="Email ID of the User" sap:creatable="false"
					sap:updatable="false" sap:sortable="false" sap:filterable="false"/><Property Name="Reason" Type="Edm.String" Nullable="false" sap:unicode="false" sap:label="Request Reason" sap:creatable="false"
					sap:updatable="false" sap:sortable="false" sap:filterable="false"/><Property Name="DATE_FROM" Type="Edm.String" Nullable="false" sap:unicode="false" sap:creatable="false" sap:updatable="false"
					sap:sortable="false" sap:filterable="false"/><Property Name="DATE_TO" Type="Edm.String" Nullable="false" sap:unicode="false" sap:creatable="false" sap:updatable="false"
					sap:sortable="false" sap:filterable="false"/><Property Name="Appl_ID" Type="Edm.String" Nullable="false" sap:unicode="false" sap:creatable="false" sap:updatable="false"
					sap:sortable="false" sap:filterable="false"/><Property Name="System_ID" Type="Edm.String" Nullable="false" sap:unicode="false" sap:creatable="false" sap:updatable="false"
					sap:sortable="false" sap:filterable="false"/><Property Name="Creator_ID" Type="Edm.String" Nullable="false" sap:unicode="false" sap:creatable="false" sap:updatable="false"
					sap:sortable="false" sap:filterable="false"/><Property Name="request_type" Type="Edm.String" Nullable="false" sap:unicode="false" sap:creatable="false" sap:updatable="false"
					sap:sortable="false" sap:filterable="false"/><Property Name="system" Type="Edm.String" Nullable="false" sap:unicode="false" sap:creatable="false" sap:updatable="false"
					sap:sortable="false" sap:filterable="false"/><Property Name="Line_Manager_ID" Type="Edm.String" Nullable="false" sap:unicode="false" sap:label="Line Manager of Requestor"
					sap:creatable="false" sap:updatable="false" sap:sortable="false" sap:filterable="false"/><NavigationProperty Name="Nav_Header_To_Appl" Relationship="ZUAM_ALCON_DCT_SRV.Asso_Header_To_Appl" FromRole="FromRole_Asso_Header_To_Appl"
					ToRole="ToRole_Asso_Header_To_Appl"/><NavigationProperty Name="Nav_Header_To_Ret" Relationship="ZUAM_ALCON_DCT_SRV.Asso_Header_To_Ret" FromRole="FromRole_Asso_Header_To_Ret"
					ToRole="ToRole_Asso_Header_To_Ret"/></EntityType>
			<EntityType Name="Department" sap:content-version="1">
				<Key><PropertyRef Name="User_ID"/></Key><Property Name="User_ID" Type="Edm.String" Nullable="false" sap:unicode="false" sap:creatable="false" sap:updatable="false"
					sap:sortable="false" sap:filterable="false"/><Property Name="Appl_ID" Type="Edm.String" Nullable="false" sap:unicode="false" sap:label="Appllication ID" sap:creatable="false"
					sap:updatable="false" sap:sortable="false" sap:filterable="false"/><Property Name="System_ID" Type="Edm.String" Nullable="false" sap:unicode="false" sap:label="System ID" sap:creatable="false"
					sap:updatable="false" sap:sortable="false" sap:filterable="false"/><Property Name="Department_Role" Type="Edm.String" Nullable="false" sap:unicode="false" sap:label="Department" sap:creatable="false"
					sap:updatable="false" sap:sortable="false" sap:filterable="false"/></EntityType>
			<EntityType Name="ApplicationRoles" sap:content-version="1">
				<Key><PropertyRef Name="User_ID"/></Key><Property Name="User_ID" Type="Edm.String" Nullable="false" sap:unicode="false" sap:label="User 521 ID" sap:creatable="false"
					sap:updatable="false" sap:sortable="false" sap:filterable="false"/><Property Name="System_ID" Type="Edm.String" Nullable="false" sap:unicode="false" sap:label="System Detail" sap:creatable="false"
					sap:updatable="false" sap:sortable="false" sap:filterable="false"/><Property Name="Department_Role" Type="Edm.String" Nullable="false" sap:unicode="false" sap:label="Department" sap:creatable="false"
					sap:updatable="false" sap:sortable="false" sap:filterable="false"/><Property Name="Application" Type="Edm.String" Nullable="false" sap:unicode="false" sap:label="Application" sap:creatable="false"
					sap:updatable="false" sap:sortable="false" sap:filterable="false"/><Property Name="Subapplication" Type="Edm.String" Nullable="false" sap:unicode="false" sap:label="Sub-Application" sap:creatable="false"
					sap:updatable="false" sap:sortable="false" sap:filterable="false"/><Property Name="UAM_Role" Type="Edm.String" Nullable="false" sap:unicode="false" sap:label="Role" sap:creatable="false"
					sap:updatable="false" sap:sortable="false" sap:filterable="false"/><Property Name="Application_Type" Type="Edm.String" Nullable="false" sap:unicode="false" sap:label="Application Type" sap:creatable="false"
					sap:updatable="false" sap:sortable="false" sap:filterable="false"/><Property Name="Appl_ID" Type="Edm.String" Nullable="false" sap:unicode="false" sap:creatable="false" sap:updatable="false"
					sap:sortable="false" sap:filterable="false"/></EntityType>
			<EntityType Name="Return" sap:content-version="1">
				<Key><PropertyRef Name="User_ID"/></Key><Property Name="User_ID" Type="Edm.String" Nullable="false" sap:unicode="false" sap:label="User 5-2-1 ID" sap:creatable="false"
					sap:updatable="false" sap:sortable="false" sap:filterable="false"/><Property Name="ReqNo" Type="Edm.String" Nullable="false" sap:unicode="false" sap:label="GRC Request Number" sap:creatable="false"
					sap:updatable="false" sap:sortable="false" sap:filterable="false"/><Property Name="SySubrc" Type="Edm.String" Nullable="false" sap:unicode="false" sap:label="Sy-Subrc value" sap:creatable="false"
					sap:updatable="false" sap:sortable="false" sap:filterable="false"/><Property Name="MsgText" Type="Edm.String" Nullable="false" sap:unicode="false" sap:label="Message Text" sap:creatable="false"
					sap:updatable="false" sap:sortable="false" sap:filterable="false"/><Property Name="MsgType" Type="Edm.String" Nullable="false" sap:unicode="false" sap:label="Message Type" sap:creatable="false"
					sap:updatable="false" sap:sortable="false" sap:filterable="false"/><Property Name="Field" Type="Edm.String" Nullable="false" sap:unicode="false" sap:label="Field" sap:creatable="false" sap:updatable="false"
					sap:sortable="false" sap:filterable="false"/><Property Name="Row" Type="Edm.String" Nullable="false" sap:unicode="false" sap:label="Row" sap:creatable="false" sap:updatable="false"
					sap:sortable="false" sap:filterable="false"/></EntityType>
			<Association Name="Asso_Header_To_Ret" sap:content-version="1"><End Type="ZUAM_ALCON_DCT_SRV.User_Details" Multiplicity="1" Role="FromRole_Asso_Header_To_Ret"/><End Type="ZUAM_ALCON_DCT_SRV.Return" Multiplicity="*" Role="ToRole_Asso_Header_To_Ret"/>
				<ReferentialConstraint>
					<Principal Role="FromRole_Asso_Header_To_Ret"><PropertyRef Name="User_ID"/></Principal>
					<Dependent Role="ToRole_Asso_Header_To_Ret"><PropertyRef Name="User_ID"/></Dependent>
				</ReferentialConstraint>
			</Association>
			<Association Name="Asso_Header_To_Appl" sap:content-version="1"><End Type="ZUAM_ALCON_DCT_SRV.User_Details" Multiplicity="1" Role="FromRole_Asso_Header_To_Appl"/><End Type="ZUAM_ALCON_DCT_SRV.ApplicationRoles" Multiplicity="*" Role="ToRole_Asso_Header_To_Appl"/>
				<ReferentialConstraint>
					<Principal Role="FromRole_Asso_Header_To_Appl"><PropertyRef Name="User_ID"/></Principal>
					<Dependent Role="ToRole_Asso_Header_To_Appl"><PropertyRef Name="User_ID"/></Dependent>
				</ReferentialConstraint>
			</Association>
			<EntityContainer Name="ZUAM_ALCON_DCT_SRV_Entities" m:IsDefaultEntityContainer="true" sap:supported-formats="atom json xlsx"><EntitySet Name="User_DetailsSet" EntityType="ZUAM_ALCON_DCT_SRV.User_Details" sap:creatable="false" sap:updatable="false"
				sap:deletable="false" sap:pageable="false" sap:addressable="false" sap:content-version="1"/><EntitySet Name="DepartmentSet" EntityType="ZUAM_ALCON_DCT_SRV.Department" sap:creatable="false" sap:updatable="false" sap:deletable="false"
				sap:pageable="false" sap:addressable="false" sap:content-version="1"/><EntitySet Name="ApplicationSet" EntityType="ZUAM_ALCON_DCT_SRV.ApplicationRoles" sap:creatable="false" sap:updatable="false"
				sap:deletable="false" sap:pageable="false" sap:addressable="false" sap:content-version="1"/><EntitySet Name="ReturnSet" EntityType="ZUAM_ALCON_DCT_SRV.Return" sap:creatable="false" sap:updatable="false" sap:deletable="false"
				sap:pageable="false" sap:addressable="false" sap:content-version="1"/>
				<AssociationSet Name="Asso_Header_To_ApplSet" Association="ZUAM_ALCON_DCT_SRV.Asso_Header_To_Appl" sap:creatable="false"
					sap:updatable="false" sap:deletable="false" sap:content-version="1"><End EntitySet="User_DetailsSet" Role="FromRole_Asso_Header_To_Appl"/><End EntitySet="ApplicationSet" Role="ToRole_Asso_Header_To_Appl"/></AssociationSet>
				<AssociationSet Name="Asso_Header_To_RetSet" Association="ZUAM_ALCON_DCT_SRV.Asso_Header_To_Ret" sap:creatable="false" sap:updatable="false"
					sap:deletable="false" sap:content-version="1"><End EntitySet="User_DetailsSet" Role="FromRole_Asso_Header_To_Ret"/><End EntitySet="ReturnSet" Role="ToRole_Asso_Header_To_Ret"/></AssociationSet>
			</EntityContainer><atom:link xmlns:atom="http://www.w3.org/2005/Atom" rel="self" href="./sap/ZUAM_ALCON_DCT_SRV/$metadata"/><atom:link xmlns:atom="http://www.w3.org/2005/Atom" rel="latest-version" href="./sap/ZUAM_ALCON_DCT_SRV/$metadata"/></Schema>
	</edmx:DataServices>
</edmx:Edmx>