<edmx:Edmx xmlns:edmx="http://schemas.microsoft.com/ado/2007/06/edmx"
	xmlns:m="http://schemas.microsoft.com/ado/2007/08/dataservices/metadata" xmlns:sap="http://www.sap.com/Protocols/SAPData" Version="1.0">
	<edmx:DataServices m:DataServiceVersion="2.0">
		<Schema xmlns="http://schemas.microsoft.com/ado/2008/09/edm" Namespace="ZAL_CREATE_REQUEST_SRV_01" xml:lang="en" sap:schema-version="1">
			<EntityType Name="User_Details" sap:content-version="1">
				<Key><PropertyRef Name="User_ID"/></Key><Property Name="User_ID" Type="Edm.String" Nullable="false" sap:unicode="false" sap:label="User Id" sap:creatable="false"
					sap:updatable="false" sap:sortable="false" sap:filterable="false"/><Property Name="Division" Type="Edm.String" Nullable="false" sap:unicode="false" sap:label="Division" sap:creatable="false"
					sap:updatable="false" sap:sortable="false" sap:filterable="false"/><Property Name="Name" Type="Edm.String" Nullable="false" sap:unicode="false" sap:label="Name of User" sap:creatable="false"
					sap:updatable="false" sap:sortable="false" sap:filterable="false"/><Property Name="Country" Type="Edm.String" Nullable="false" sap:unicode="false" sap:label="Country" sap:creatable="false"
					sap:updatable="false" sap:sortable="false" sap:filterable="false"/><Property Name="Department" Type="Edm.String" Nullable="false" sap:unicode="false" sap:label="Department" sap:creatable="false"
					sap:updatable="false" sap:sortable="false" sap:filterable="false"/><Property Name="Job_Title" Type="Edm.String" Nullable="false" sap:unicode="false" sap:label="Job Designation" sap:creatable="false"
					sap:updatable="false" sap:sortable="false" sap:filterable="false"/><Property Name="Line_Manager" Type="Edm.String" Nullable="false" sap:unicode="false" sap:label="Line Manager of Requestor"
					sap:creatable="false" sap:updatable="false" sap:sortable="false" sap:filterable="false"/><Property Name="Email" Type="Edm.String" Nullable="false" sap:unicode="false" sap:label="Email ID of the User" sap:creatable="false"
					sap:updatable="false" sap:sortable="false" sap:filterable="false"/><Property Name="Reason" Type="Edm.String" Nullable="false" sap:unicode="false" sap:label="Request Reason" sap:creatable="false"
					sap:updatable="false" sap:sortable="false" sap:filterable="false"/><Property Name="DATE_FROM" Type="Edm.String" Nullable="false" sap:unicode="false" sap:creatable="false" sap:updatable="false"
					sap:sortable="false" sap:filterable="false"/><Property Name="DATE_TO" Type="Edm.String" Nullable="false" sap:unicode="false" sap:creatable="false" sap:updatable="false"
					sap:sortable="false" sap:filterable="false"/><Property Name="Appl_ID" Type="Edm.String" Nullable="false" sap:unicode="false" sap:creatable="false" sap:updatable="false"
					sap:sortable="false" sap:filterable="false"/><Property Name="System_ID" Type="Edm.String" Nullable="false" sap:unicode="false" sap:creatable="false" sap:updatable="false"
					sap:sortable="false" sap:filterable="false"/><Property Name="Creator_ID" Type="Edm.String" Nullable="false" sap:unicode="false" sap:creatable="false" sap:updatable="false"
					sap:sortable="false" sap:filterable="false"/><NavigationProperty Name="Nav_Header_To_Ret" Relationship="ZAL_CREATE_REQUEST_SRV_01.Asso_Header_To_Ret"
					FromRole="FromRole_Asso_Header_To_Ret" ToRole="ToRole_Asso_Header_To_Ret"/><NavigationProperty Name="Nav_Header_To_Appl" Relationship="ZAL_CREATE_REQUEST_SRV_01.Asso_Header_To_Appl"
					FromRole="FromRole_Asso_Header_To_Appl" ToRole="ToRole_Asso_Header_To_Appl"/></EntityType>
			<EntityType Name="Roles" sap:content-version="1">
				<Key><PropertyRef Name="User_ID"/></Key><Property Name="User_ID" Type="Edm.String" Nullable="false" sap:unicode="false" sap:label="User ID" sap:creatable="false"
					sap:updatable="false" sap:sortable="false" sap:filterable="false"/><Property Name="Application" Type="Edm.String" Nullable="false" sap:unicode="false" sap:label="Application" sap:creatable="false"
					sap:updatable="false" sap:sortable="false" sap:filterable="false"/><Property Name="Role" Type="Edm.String" Nullable="false" sap:unicode="false" sap:label="Business Role" sap:creatable="false"
					sap:updatable="false" sap:sortable="false" sap:filterable="false"/></EntityType>
			<EntityType Name="User_List" sap:content-version="1">
				<Key><PropertyRef Name="ID_521"/></Key><Property Name="ID_521" Type="Edm.String" Nullable="false" sap:unicode="false" sap:label="5-2-1 ID of User" sap:creatable="false"
					sap:updatable="false" sap:sortable="false" sap:filterable="false"/><Property Name="Firstname" Type="Edm.String" Nullable="false" sap:unicode="false" sap:label="First Name" sap:creatable="false"
					sap:updatable="false" sap:sortable="false" sap:filterable="false"/><Property Name="Lastname" Type="Edm.String" Nullable="false" sap:unicode="false" sap:label="Last Name" sap:creatable="false"
					sap:updatable="false" sap:sortable="false" sap:filterable="false"/></EntityType>
			<EntityType Name="Department" sap:content-version="1">
				<Key><PropertyRef Name="User_ID"/></Key><Property Name="User_ID" Type="Edm.String" Nullable="false" sap:unicode="false" sap:creatable="false" sap:updatable="false"
					sap:sortable="false" sap:filterable="false"/><Property Name="Appl_ID" Type="Edm.String" Nullable="false" sap:unicode="false" sap:label="Appllication ID" sap:creatable="false"
					sap:updatable="false" sap:sortable="false" sap:filterable="false"/><Property Name="System_ID" Type="Edm.String" Nullable="false" sap:unicode="false" sap:label="System ID" sap:creatable="false"
					sap:updatable="false" sap:sortable="false" sap:filterable="false"/><Property Name="Segregation" Type="Edm.String" Nullable="false" sap:unicode="false" sap:label="Segregation Level" sap:creatable="false"
					sap:updatable="false" sap:sortable="false" sap:filterable="false"/><Property Name="Department_Role" Type="Edm.String" Nullable="false" sap:unicode="false" sap:label="Department" sap:creatable="false"
					sap:updatable="false" sap:sortable="false" sap:filterable="false"/></EntityType>
			<EntityType Name="ApplicationRoles" sap:content-version="1">
				<Key><PropertyRef Name="User_ID"/></Key><Property Name="User_ID" Type="Edm.String" Nullable="false" sap:unicode="false" sap:label="User 521 ID" sap:creatable="false"
					sap:updatable="false" sap:sortable="false" sap:filterable="false"/><Property Name="System_ID" Type="Edm.String" Nullable="false" sap:unicode="false" sap:label="System Detail" sap:creatable="false"
					sap:updatable="false" sap:sortable="false" sap:filterable="false"/><Property Name="Department_Role" Type="Edm.String" Nullable="false" sap:unicode="false" sap:label="Department" sap:creatable="false"
					sap:updatable="false" sap:sortable="false" sap:filterable="false"/><Property Name="Segregation" Type="Edm.String" Nullable="false" sap:unicode="false" sap:label="Segregation Level" sap:creatable="false"
					sap:updatable="false" sap:sortable="false" sap:filterable="false"/><Property Name="Application" Type="Edm.String" Nullable="false" sap:unicode="false" sap:label="Application" sap:creatable="false"
					sap:updatable="false" sap:sortable="false" sap:filterable="false"/><Property Name="Subapplication" Type="Edm.String" Nullable="false" sap:unicode="false" sap:label="Sub-Application" sap:creatable="false"
					sap:updatable="false" sap:sortable="false" sap:filterable="false"/><Property Name="UAM_Role" Type="Edm.String" Nullable="false" sap:unicode="false" sap:label="Role" sap:creatable="false"
					sap:updatable="false" sap:sortable="false" sap:filterable="false"/><Property Name="Application_Type" Type="Edm.String" Nullable="false" sap:unicode="false" sap:label="Application Type" sap:creatable="false"
					sap:updatable="false" sap:sortable="false" sap:filterable="false"/><Property Name="Appl_ID" Type="Edm.String" Nullable="false" sap:unicode="false" sap:creatable="false" sap:updatable="false"
					sap:sortable="false" sap:filterable="false"/></EntityType>
			<EntityType Name="Return" sap:content-version="1">
				<Key><PropertyRef Name="User_ID"/></Key><Property Name="User_ID" Type="Edm.String" Nullable="false" sap:unicode="false" sap:label="User 5-2-1 ID" sap:creatable="false"
					sap:updatable="false" sap:sortable="false" sap:filterable="false"/><Property Name="ReqNo" Type="Edm.String" Nullable="false" sap:unicode="false" sap:label="GRC Request Number" sap:creatable="false"
					sap:updatable="false" sap:sortable="false" sap:filterable="false"/><Property Name="SySubrc" Type="Edm.String" Nullable="false" sap:unicode="false" sap:label="Sy-Subrc value" sap:creatable="false"
					sap:updatable="false" sap:sortable="false" sap:filterable="false"/><Property Name="MsgText" Type="Edm.String" Nullable="false" sap:unicode="false" sap:label="Message Text" sap:creatable="false"
					sap:updatable="false" sap:sortable="false" sap:filterable="false"/><Property Name="MsgType" Type="Edm.String" Nullable="false" sap:unicode="false" sap:label="Message Type" sap:creatable="false"
					sap:updatable="false" sap:sortable="false" sap:filterable="false"/><Property Name="Field" Type="Edm.String" Nullable="false" sap:unicode="false" sap:label="Field" sap:creatable="false" sap:updatable="false"
					sap:sortable="false" sap:filterable="false"/><Property Name="Row" Type="Edm.String" Nullable="false" sap:unicode="false" sap:label="Row" sap:creatable="false" sap:updatable="false"
					sap:sortable="false" sap:filterable="false"/></EntityType>
			<EntityType Name="APPL_TYPE" sap:content-version="1">
				<Key><PropertyRef Name="User_ID"/><PropertyRef Name="Appl_ID"/></Key><Property Name="User_ID" Type="Edm.String" Nullable="false" sap:unicode="false" sap:creatable="false" sap:updatable="false"
					sap:sortable="false" sap:filterable="false"/><Property Name="Appl_ID" Type="Edm.String" Nullable="false" sap:unicode="false" sap:creatable="false" sap:updatable="false"
					sap:sortable="false" sap:filterable="false"/><Property Name="System_ID" Type="Edm.String" Nullable="false" sap:unicode="false" sap:label="System ID" sap:creatable="false"
					sap:updatable="false" sap:sortable="false" sap:filterable="false"/><Property Name="Application_Type" Type="Edm.String" Nullable="false" sap:unicode="false" sap:label="Application Type" sap:creatable="false"
					sap:updatable="false" sap:sortable="false" sap:filterable="false"/></EntityType>
			<EntityType Name="Hierarchy" sap:content-version="1">
				<Key><PropertyRef Name="User_ID"/><PropertyRef Name="System_ID"/><PropertyRef Name="Department_Role"/><PropertyRef Name="Segregation"/><PropertyRef Name="Application"/><PropertyRef Name="Subapplication"/><PropertyRef Name="UAM_Role"/></Key><Property Name="User_ID" Type="Edm.String" Nullable="false" sap:unicode="false" sap:label="User 5-2-1 ID" sap:creatable="false"
					sap:updatable="false" sap:sortable="false" sap:filterable="false"/><Property Name="System_ID" Type="Edm.String" Nullable="false" sap:unicode="false" sap:label="User Selected System ID" sap:creatable="false"
					sap:updatable="false" sap:sortable="false" sap:filterable="false"/><Property Name="Department_Role" Type="Edm.String" Nullable="false" sap:unicode="false" sap:label="Department" sap:creatable="false"
					sap:updatable="false" sap:sortable="false" sap:filterable="false"/><Property Name="Segregation" Type="Edm.String" Nullable="false" sap:unicode="false" sap:label="Segregation" sap:creatable="false"
					sap:updatable="false" sap:sortable="false" sap:filterable="false"/><Property Name="Application" Type="Edm.String" Nullable="false" sap:unicode="false" sap:label="Application" sap:creatable="false"
					sap:updatable="false" sap:sortable="false" sap:filterable="false"/><Property Name="Subapplication" Type="Edm.String" Nullable="false" sap:unicode="false" sap:label="Subapplication" sap:creatable="false"
					sap:updatable="false" sap:sortable="false" sap:filterable="false"/><Property Name="UAM_Role" Type="Edm.String" Nullable="false" sap:unicode="false" sap:label="UAM Role" sap:creatable="false"
					sap:updatable="false" sap:sortable="false" sap:filterable="false"/><Property Name="HIEID" Type="Edm.String" Nullable="false" sap:unicode="false" sap:label="Internal hierarchy ID (unique ID)"
					sap:creatable="false" sap:updatable="false" sap:sortable="false" sap:filterable="false"/><Property Name="NODEID" Type="Edm.Int16" Nullable="false" sap:unicode="false" sap:label="Internal ID number of hierarchy node"
					sap:creatable="false" sap:updatable="false" sap:sortable="false" sap:filterable="false"/><Property Name="ID" Type="Edm.String" Nullable="false" sap:unicode="false" sap:label="ID" sap:creatable="false" sap:updatable="false"
					sap:sortable="false" sap:filterable="false"/><Property Name="TLEVEL" Type="Edm.Int16" Nullable="false" sap:unicode="false" sap:label="Level of hierarchy node" sap:creatable="false"
					sap:updatable="false" sap:sortable="false" sap:filterable="false"/><Property Name="PARENTID" Type="Edm.Int16" Nullable="false" sap:unicode="false" sap:label="Parent ID for a hierarchy node"
					sap:creatable="false" sap:updatable="false" sap:sortable="false" sap:filterable="false"/><Property Name="CHILDID" Type="Edm.Int16" Nullable="false" sap:unicode="false" sap:label="Child ID for a hierarchy node"
					sap:creatable="false" sap:updatable="false" sap:sortable="false" sap:filterable="false"/><Property Name="PID" Type="Edm.String" Nullable="false" sap:unicode="false" sap:label="Parent ID" sap:creatable="false"
					sap:updatable="false" sap:sortable="false" sap:filterable="false"/><Property Name="NAME" Type="Edm.String" Nullable="false" sap:unicode="false" sap:label="Node Name" sap:creatable="false"
					sap:updatable="false" sap:sortable="false" sap:filterable="false"/><Property Name="OBJ" Type="Edm.String" Nullable="false" sap:unicode="false" sap:label="Object" sap:creatable="false" sap:updatable="false"
					sap:sortable="false" sap:filterable="false"/><Property Name="TXT" Type="Edm.String" Nullable="false" sap:unicode="false" sap:label="Text" sap:creatable="false" sap:updatable="false"
					sap:sortable="false" sap:filterable="false"/><Property Name="DrillState" Type="Edm.String" Nullable="false" sap:unicode="false" sap:label="Frontend purpose" sap:creatable="false"
					sap:updatable="false" sap:sortable="false" sap:filterable="false"/></EntityType>
			<Association Name="Asso_Header_To_Ret" sap:content-version="1"><End Type="ZAL_CREATE_REQUEST_SRV_01.User_Details" Multiplicity="1" Role="FromRole_Asso_Header_To_Ret"/><End Type="ZAL_CREATE_REQUEST_SRV_01.Return" Multiplicity="*" Role="ToRole_Asso_Header_To_Ret"/>
				<ReferentialConstraint>
					<Principal Role="FromRole_Asso_Header_To_Ret"><PropertyRef Name="User_ID"/></Principal>
					<Dependent Role="ToRole_Asso_Header_To_Ret"><PropertyRef Name="User_ID"/></Dependent>
				</ReferentialConstraint>
			</Association>
			<Association Name="Asso_Header_To_Appl" sap:content-version="1"><End Type="ZAL_CREATE_REQUEST_SRV_01.User_Details" Multiplicity="1" Role="FromRole_Asso_Header_To_Appl"/><End Type="ZAL_CREATE_REQUEST_SRV_01.ApplicationRoles" Multiplicity="*" Role="ToRole_Asso_Header_To_Appl"/>
				<ReferentialConstraint>
					<Principal Role="FromRole_Asso_Header_To_Appl"><PropertyRef Name="User_ID"/></Principal>
					<Dependent Role="ToRole_Asso_Header_To_Appl"><PropertyRef Name="User_ID"/></Dependent>
				</ReferentialConstraint>
			</Association>
			<EntityContainer Name="ZAL_CREATE_REQUEST_SRV_01_Entities" m:IsDefaultEntityContainer="true" sap:supported-formats="atom json xlsx"><EntitySet Name="User_DetailsSet" EntityType="ZAL_CREATE_REQUEST_SRV_01.User_Details" sap:creatable="false" sap:updatable="false"
				sap:deletable="false" sap:pageable="false" sap:addressable="false" sap:content-version="1"/><EntitySet Name="RolesSet" EntityType="ZAL_CREATE_REQUEST_SRV_01.Roles" sap:creatable="false" sap:updatable="false" sap:deletable="false"
				sap:pageable="false" sap:addressable="false" sap:content-version="1"/><EntitySet Name="User_ListSet" EntityType="ZAL_CREATE_REQUEST_SRV_01.User_List" sap:creatable="false" sap:updatable="false"
				sap:deletable="false" sap:pageable="false" sap:addressable="false" sap:content-version="1"/><EntitySet Name="DepartmentSet" EntityType="ZAL_CREATE_REQUEST_SRV_01.Department" sap:creatable="false" sap:updatable="false"
				sap:deletable="false" sap:pageable="false" sap:addressable="false" sap:content-version="1"/><EntitySet Name="ApplicationSet" EntityType="ZAL_CREATE_REQUEST_SRV_01.ApplicationRoles" sap:creatable="false" sap:updatable="false"
				sap:deletable="false" sap:pageable="false" sap:addressable="false" sap:content-version="1"/><EntitySet Name="ReturnSet" EntityType="ZAL_CREATE_REQUEST_SRV_01.Return" sap:creatable="false" sap:updatable="false" sap:deletable="false"
				sap:pageable="false" sap:addressable="false" sap:content-version="1"/><EntitySet Name="APPL_TYPESet" EntityType="ZAL_CREATE_REQUEST_SRV_01.APPL_TYPE" sap:creatable="false" sap:updatable="false"
				sap:deletable="false" sap:pageable="false" sap:addressable="false" sap:content-version="1"/><EntitySet Name="HierarchySet" EntityType="ZAL_CREATE_REQUEST_SRV_01.Hierarchy" sap:creatable="false" sap:updatable="false"
				sap:deletable="false" sap:pageable="false" sap:addressable="false" sap:content-version="1"/>
				<AssociationSet Name="Asso_Header_To_ApplSet" Association="ZAL_CREATE_REQUEST_SRV_01.Asso_Header_To_Appl" sap:creatable="false"
					sap:updatable="false" sap:deletable="false" sap:content-version="1"><End EntitySet="User_DetailsSet" Role="FromRole_Asso_Header_To_Appl"/><End EntitySet="ApplicationSet" Role="ToRole_Asso_Header_To_Appl"/></AssociationSet>
				<AssociationSet Name="Asso_Header_To_RetSet" Association="ZAL_CREATE_REQUEST_SRV_01.Asso_Header_To_Ret" sap:creatable="false"
					sap:updatable="false" sap:deletable="false" sap:content-version="1"><End EntitySet="User_DetailsSet" Role="FromRole_Asso_Header_To_Ret"/><End EntitySet="ReturnSet" Role="ToRole_Asso_Header_To_Ret"/></AssociationSet>
			</EntityContainer><atom:link xmlns:atom="http://www.w3.org/2005/Atom" rel="self" href="./sap/ZAL_CREATE_REQUEST_SRV_01/$metadata"/><atom:link xmlns:atom="http://www.w3.org/2005/Atom" rel="latest-version" href="./sap/ZAL_CREATE_REQUEST_SRV_01/$metadata"/></Schema>
	</edmx:DataServices>
</edmx:Edmx>