{
    "resources": [
        {
            "name": "css/style.css"
        },
        {
            "name": "controller/ManualPaySearch.controller.js"
        },
        {
            "name": "model/models.js"
        },
        {
            "name": "manifest.json"
        },
        {
            "name": "controller/ManualPayCreate.controller.js"
        },
        {
            "name": "controller/BaseController.js"
        },
        {
            "name": "Component.js"
        },
        {
            "name": "manifest-bundle.zip"
        },
        {
            "name": "Component-preload.js",
            "merged": true
        },
        {
            "name": "model/models-dbg.js",
            "isDebug": true
        },
        {
            "name": "controller/ManualPaySearch-dbg.controller.js",
            "isDebug": true
        },
        {
            "name": "controller/ManualPayCreate-dbg.controller.js",
            "isDebug": true
        },
        {
            "name": "controller/BaseController-dbg.js",
            "isDebug": true
        },
        {
            "name": "Component-dbg.js",
            "isDebug": true
        },
        {
            "name": "../../../../sap-ui-version.json"
        },
        {
            "name": "neo-app.json"
        },
        {
            "name": "di.code-validation.core_issues.json"
        },
        {
            "name": "view/ManualPaySearch.view.xml"
        },
        {
            "name": "view/ManualPayCreate.view.xml"
        },
        {
            "name": "view/App.view.xml"
        },
        {
            "name": "i18n/i18n.properties",
            "raw": "i18n/i18n.properties"
        },
        {
            "name": "index.html"
        }
    ]
}