{
  "test/integration/pages/ManualPaySearch-dbg.js": 1669119772000,
  "controller/ManualPaySearch.controller.js": 1669119772000,
  "test/unit/controller/ManualPaySearch.controller.js": 1669119772000,
  "test/integration/pages/ManualPaySearch.js": 1669119772000,
  "test/integration/arrangements/Startup.js": 1669119772000,
  "test/unit/unitTests.qunit.js": 1669119772000,
  "test/unit/AllTests.js": 1669119772000,
  "test/integration/opaTests.qunit.js": 1669119772000,
  "test/integration/NavigationJourney.js": 1669119772000,
  "test/integration/AllJourneys.js": 1669119772000,
  "test/testsuite.qunit.js": 1669119772000,
  "model/models.js": 1669119772000,
  "manifest.json": 1669127114879,
  "controller/ManualPayCreate.controller.js": 1669119772000,
  "controller/BaseController.js": 1669119772000,
  "Component.js": 1669119772000,
  "manifest-bundle.zip": 1669127115059,
  "Component-preload.js": 1669127115484,
  "test/integration/NavigationJourney-dbg.js": 1669119772000,
  "i18n/i18n.properties": 1669119772000,
  "test/integration/arrangements/Startup-dbg.js": 1669119772000,
  "test/unit/unitTests.qunit-dbg.js": 1669119772000,
  "test/unit/AllTests-dbg.js": 1669119772000,
  "test/integration/opaTests.qunit-dbg.js": 1669119772000,
  "test/unit/controller/ManualPaySearch-dbg.controller.js": 1669119772000,
  "test/integration/AllJourneys-dbg.js": 1669119772000,
  "test/testsuite.qunit-dbg.js": 1669119772000,
  "model/models-dbg.js": 1669119772000,
  "controller/ManualPaySearch-dbg.controller.js": 1669119772000,
  "controller/ManualPayCreate-dbg.controller.js": 1669119772000,
  "controller/BaseController-dbg.js": 1669119772000,
  "Component-dbg.js": 1669119772000,
  "neo-app.json": 1669127115749,
  "di.code-validation.core_issues.json": 1669127120257,
  "resources.json": 1669127120289,
  "test/unit/unitTests.qunit.html": 1669119772000,
  "test/integration/opaTests.qunit.html": 1669119772000,
  "view/ManualPaySearch.view.xml": 1669119772000,
  "view/ManualPayCreate.view.xml": 1669119772000,
  "view/App.view.xml": 1669119772000,
  "test/testsuite.qunit.html": 1669119772000,
  "css/style.css": 1669119772000,
  "index.html": 1669119772000
}