<!--
/*&- - - - - - - - - - - - - - - - - - - - - - - - - - - - - - - - - - *
*& Development ID: ZDDE-00019502                                       *
*&                                                                     *
*& Inbox                                                               *
*&                                                                     *
*&- - - - - - - - - - - - - - - - - - - - - - - - - - - - - - - - - - -*
*& Change Log:                                                         *
*&                                                                     *
*& Init. Who          Date         Text                                *
*& JHU   HUNDEJU1     24-06-2015   Initial version CD 1200006098       *
*& JHU   HUNDEJU1     23-07-2015   Initial version CD 1200006975       *
*&- - - - - - - - - - - - - - - - - - - - - - - - - - - - - - - - - - -*/
-->
<core:FragmentDefinition xmlns:mvc="core.mvc" xmlns:core="sap.ui.core" xmlns="sap.m" xmlns:ui="sap.ca.ui" xmlns:custom="com.novartis.uwf.lib.control"
	xmlns:html="http://www.w3.org/1999/xhtml">
	<!--<IconTabFilter icon="sap-icon://work-history" visible="{path: 'detail>/ZHistory/results/length', formatter: 'com.novartis.uwf.lib.util.Formatter.formatterIsNotZero'}">
		<ui:Hierarchy id="idHistoryHierarchy" items="{detail>/ZHistory/results}">
			<ui:items>
				<ui:HierarchyItem icon="person-placeholder" levelType="{detail>UniqueName}" title="{detail>Fullname} {detail>Date} {detail>Time}" emphasized="true"
					class="novApvHierarchyItem" />
			</ui:items>
		</ui:Hierarchy>
	</IconTabFilter>

	<IconTabFilter icon="sap-icon://chain-link" visible="{path: 'device>/isNoPhone', formatter: 'com.novartis.uwf.lib.util.Formatter.formatterOnlyVisibleOnDesktop'}">
		<Text text="{i18nCustom>ZTAB_LINK_NA_TEXT}" class="novApvChainLink" visible="{path: 'detail>/ZRequestURL', formatter: 'com.novartis.uwf.lib.util.Formatter.formatterIsZero'}"/>
		<core:Icon src="sap-icon://create-session" class="novApvChainLink" visible="{path: 'detail>/ZRequestURL', formatter: 'com.novartis.uwf.lib.util.Formatter.formatterIsNotZero'}"></core:Icon>
		<Link text="{i18nCustom>ZTAB_LINK_TEXT}" target="_blank" href="{detail>/ZRequestURL}" class="novApvChainLink" visible="{path: 'detail>/ZRequestURL', formatter: 'com.novartis.uwf.lib.util.Formatter.formatterIsNotZero'}" />
	</IconTabFilter>-->
</core:FragmentDefinition>