{
    "resources": [
        {
            "name": "view/fragments/WorkdayReviewpageHeader.fragment.xml"
        },
        {
            "name": "controller/APMRCreateRequest.controller.js"
        },
        {
            "name": "manifest.json"
        },
        {
            "name": "util/formatter.js"
        },
        {
            "name": "model/models.js"
        },
        {
            "name": "controller/WorkAdaptive.controller.js"
        },
        {
            "name": "controller/Main.controller.js"
        },
        {
            "name": "controller/BaseController.js"
        },
        {
            "name": "controller/AlconBICreateRequest.controller.js"
        },
        {
            "name": "mockdata/Tree.json"
        },
        {
            "name": "controller/ADWHCreateRequest.controller.js"
        },
        {
            "name": "serviceBinding.js"
        },
        {
            "name": "Component.js"
        },
        {
            "name": "manifest-bundle.zip"
        },
        {
            "name": "Component-preload.js",
            "merged": true
        },
        {
            "name": "util/formatter-dbg.js",
            "isDebug": true
        },
        {
            "name": "model/models-dbg.js",
            "isDebug": true
        },
        {
            "name": "controller/WorkAdaptive-dbg.controller.js",
            "isDebug": true
        },
        {
            "name": "controller/Main-dbg.controller.js",
            "isDebug": true
        },
        {
            "name": "controller/BaseController-dbg.js",
            "isDebug": true
        },
        {
            "name": "controller/AlconBICreateRequest-dbg.controller.js",
            "isDebug": true
        },
        {
            "name": "controller/APMRCreateRequest-dbg.controller.js",
            "isDebug": true
        },
        {
            "name": "controller/ADWHCreateRequest-dbg.controller.js",
            "isDebug": true
        },
        {
            "name": "serviceBinding-dbg.js",
            "isDebug": true
        },
        {
            "name": "Component-dbg.js",
            "isDebug": true
        },
        {
            "name": "../../../sap-ui-version.json"
        },
        {
            "name": "neo-app.json"
        },
        {
            "name": "di.code-validation.core_issues.json"
        },
        {
            "name": "i18n/i18n.properties",
            "raw": "i18n/i18n.properties"
        },
        {
            "name": "view/fragments/WorkdayReviewPage.fragment.xml"
        },
        {
            "name": "view/fragments/WorkdayHierarchy.fragment.xml"
        },
        {
            "name": "view/fragments/ValueHelpUser.fragment.xml"
        },
        {
            "name": "view/fragments/ReviewPageHeader.fragment.xml"
        },
        {
            "name": "view/fragments/MyTaskReviewPage.fragment.xml"
        },
        {
            "name": "view/fragments/Hierarchy.fragment.xml"
        },
        {
            "name": "view/fragments/CreateRequestUserSelection.fragment.xml"
        },
        {
            "name": "view/fragments/AlconBIReviewPage.fragment.xml"
        },
        {
            "name": "view/fragments/AlconBIHierarchy.fragment.xml"
        },
        {
            "name": "view/fragments/APMRReviewPage.fragment.xml"
        },
        {
            "name": "view/fragments/ADWHReviewPage.fragment.xml"
        },
        {
            "name": "localService/ZAL_CREATE_REQUEST_SRV_01/metadata.xml"
        },
        {
            "name": "localService/Z8CZ_WORKDAY_SRV/metadata.xml"
        },
        {
            "name": "localService/Z8CZ_WORKDAY_ADAPTIVE_SRV/metadata.xml"
        },
        {
            "name": "view/WorkAdaptive.view.xml"
        },
        {
            "name": "view/Main.view.xml"
        },
        {
            "name": "view/AlconBICreateRequest.view.xml"
        },
        {
            "name": "view/APMRCreateRequest.view.xml"
        },
        {
            "name": "view/ADWHCreateRequest.view.xml"
        },
        {
            "name": "localService/metadata.xml"
        },
        {
            "name": "css/style.css"
        },
        {
            "name": "index.html"
        }
    ]
}