{
  "view/fragments/CreateRequestUserSelection.fragment.xml": 1657795048000,
  "controller/APMRCreateRequest.controller.js": 1657795048000,
  "manifest.json": 1657806004334,
  "test/unit/controller/Main.controller.js": 1657795048000,
  "test/integration/pages/Main.js": 1657795048000,
  "test/integration/arrangements/Startup.js": 1657795048000,
  "test/unit/unitTests.qunit.js": 1657795048000,
  "test/unit/AllTests.js": 1657795048000,
  "test/integration/opaTests.qunit.js": 1657795048000,
  "test/integration/NavigationJourney.js": 1657795048000,
  "test/integration/AllJourneys.js": 1657795048000,
  "util/formatter.js": 1657795048000,
  "test/testsuite.qunit.js": 1657795048000,
  "model/models.js": 1657795048000,
  "controller/WorkAdaptive.controller.js": 1657795048000,
  "controller/Main.controller.js": 1657795048000,
  "controller/BaseController.js": 1657795048000,
  "controller/AlconBICreateRequest.controller.js": 1657795048000,
  "mockdata/Tree.json": 1657795048000,
  "controller/ADWHCreateRequest.controller.js": 1657795048000,
  "serviceBinding.js": 1657795048000,
  "Component.js": 1657795048000,
  "manifest-bundle.zip": 1657806004379,
  "Component-preload.js": 1657806010501,
  "test/testsuite.qunit-dbg.js": 1657795048000,
  "test/integration/pages/Main-dbg.js": 1657795048000,
  "test/integration/arrangements/Startup-dbg.js": 1657795048000,
  "test/unit/unitTests.qunit-dbg.js": 1657795048000,
  "test/unit/AllTests-dbg.js": 1657795048000,
  "test/integration/opaTests.qunit-dbg.js": 1657795048000,
  "test/integration/NavigationJourney-dbg.js": 1657795048000,
  "test/integration/AllJourneys-dbg.js": 1657795048000,
  "util/formatter-dbg.js": 1657795048000,
  "test/unit/controller/Main-dbg.controller.js": 1657795048000,
  "model/models-dbg.js": 1657795048000,
  "controller/WorkAdaptive-dbg.controller.js": 1657795048000,
  "controller/Main-dbg.controller.js": 1657795048000,
  "controller/BaseController-dbg.js": 1657795048000,
  "controller/AlconBICreateRequest-dbg.controller.js": 1657795048000,
  "controller/APMRCreateRequest-dbg.controller.js": 1657795048000,
  "controller/ADWHCreateRequest-dbg.controller.js": 1657795048000,
  "serviceBinding-dbg.js": 1657795048000,
  "Component-dbg.js": 1657795048000,
  "neo-app.json": 1657806012799,
  "di.code-validation.core_issues.json": 1657806022883,
  "resources.json": 1657806022908,
  "view/fragments/WorkdayReviewpageHeader.fragment.xml": 1657795048000,
  "view/fragments/WorkdayReviewPage.fragment.xml": 1657795048000,
  "view/fragments/WorkdayHierarchy.fragment.xml": 1657795048000,
  "view/fragments/ValueHelpUser.fragment.xml": 1657795048000,
  "view/fragments/ReviewPageHeader.fragment.xml": 1657795048000,
  "view/fragments/MyTaskReviewPage.fragment.xml": 1657795048000,
  "view/fragments/Hierarchy.fragment.xml": 1657795048000,
  "i18n/i18n.properties": 1657795048000,
  "view/fragments/AlconBIReviewPage.fragment.xml": 1657795048000,
  "view/fragments/AlconBIHierarchy.fragment.xml": 1657795048000,
  "view/fragments/APMRReviewPage.fragment.xml": 1657795048000,
  "view/fragments/ADWHReviewPage.fragment.xml": 1657795048000,
  "test/unit/unitTests.qunit.html": 1657795048000,
  "test/integration/opaTests.qunit.html": 1657795048000,
  "localService/ZAL_CREATE_REQUEST_SRV_01/metadata.xml": 1657795048000,
  "localService/Z8CZ_WORKDAY_SRV/metadata.xml": 1657795048000,
  "localService/Z8CZ_WORKDAY_ADAPTIVE_SRV/metadata.xml": 1657795048000,
  "view/WorkAdaptive.view.xml": 1657795048000,
  "view/Main.view.xml": 1657795048000,
  "view/AlconBICreateRequest.view.xml": 1657795048000,
  "view/APMRCreateRequest.view.xml": 1657795048000,
  "view/ADWHCreateRequest.view.xml": 1657795048000,
  "test/testsuite.qunit.html": 1657795048000,
  "test/URL.txt": 1657795048000,
  "model/AjaxAp_tobedeletedijs": 1657795048000,
  "localService/metadata.xml": 1657795048000,
  "css/style.css": 1657795048000,
  "index.html": 1657795048000
}