<edmx:Edmx xmlns:edmx="http://schemas.microsoft.com/ado/2007/06/edmx"
	xmlns:m="http://schemas.microsoft.com/ado/2007/08/dataservices/metadata" xmlns:sap="http://www.sap.com/Protocols/SAPData" Version="1.0">
	<edmx:DataServices m:DataServiceVersion="2.0">
		<Schema xmlns="http://schemas.microsoft.com/ado/2008/09/edm" Namespace="Z8CZ_WORKDAY_SRV" xml:lang="en" sap:schema-version="1">
			<EntityType Name="Access_Rules" sap:content-version="1">
				<Key><PropertyRef Name="User_ID"/></Key><Property Name="User_ID" Type="Edm.String" Nullable="false" sap:unicode="false" sap:label="User 521 ID" sap:creatable="false"
					sap:updatable="false" sap:sortable="false" sap:filterable="false"/><Property Name="System_ID" Type="Edm.String" Nullable="false" sap:unicode="false" sap:label="System Detail" sap:creatable="false"
					sap:updatable="false" sap:sortable="false" sap:filterable="false"/><Property Name="INSTANCE" Type="Edm.String" Nullable="false" sap:unicode="false" sap:label="Instance" sap:creatable="false"
					sap:updatable="false" sap:sortable="false" sap:filterable="false"/><Property Name="ACCESS_TYPE" Type="Edm.String" Nullable="false" sap:unicode="false" sap:label="Access Type" sap:creatable="false"
					sap:updatable="false" sap:sortable="false" sap:filterable="false"/><Property Name="GWA" Type="Edm.String" Nullable="false" sap:unicode="false" sap:label="Global Workforce Access" sap:creatable="false"
					sap:updatable="false" sap:sortable="false" sap:filterable="false"/><Property Name="NDA" Type="Edm.String" Nullable="false" sap:unicode="false" sap:label="NDA" sap:creatable="false" sap:updatable="false"
					sap:sortable="false" sap:filterable="false"/><Property Name="MARKET" Type="Edm.String" Nullable="false" sap:unicode="false" sap:label="Aspire Market" sap:creatable="false"
					sap:updatable="false" sap:sortable="false" sap:filterable="false"/><Property Name="FUNC_AREA" Type="Edm.String" Nullable="false" sap:unicode="false" sap:label="Funcational Area" sap:creatable="false"
					sap:updatable="false" sap:sortable="false" sap:filterable="false"/><Property Name="FRANCHISE" Type="Edm.String" Nullable="false" sap:unicode="false" sap:label="Franchise" sap:creatable="false"
					sap:updatable="false" sap:sortable="false" sap:filterable="false"/><Property Name="COST_CENTER" Type="Edm.String" Nullable="false" sap:unicode="false" sap:label="Cost Center" sap:creatable="false"
					sap:updatable="false" sap:sortable="false" sap:filterable="false"/><Property Name="COUNTRY" Type="Edm.String" Nullable="false" sap:unicode="false" sap:label="Country" sap:creatable="false"
					sap:updatable="false" sap:sortable="false" sap:filterable="false"/><Property Name="LOCATION" Type="Edm.String" Nullable="false" sap:unicode="false" sap:label="Location" sap:creatable="false"
					sap:updatable="false" sap:sortable="false" sap:filterable="false"/></EntityType>
			<EntityType Name="Instance" sap:content-version="1">
				<Key><PropertyRef Name="User_ID"/></Key><Property Name="User_ID" Type="Edm.String" Nullable="false" sap:unicode="false" sap:label="User ID" sap:creatable="false"
					sap:updatable="false" sap:sortable="false" sap:filterable="false"/><Property Name="System_ID" Type="Edm.String" Nullable="false" sap:unicode="false" sap:label="System Detail" sap:creatable="false"
					sap:updatable="false" sap:sortable="false" sap:filterable="false"/><Property Name="INSTANCE" Type="Edm.String" Nullable="false" sap:unicode="false" sap:label="Instance" sap:creatable="false"
					sap:updatable="false" sap:sortable="false" sap:filterable="false"/></EntityType>
			<EntityContainer Name="Z8CZ_WORKDAY_SRV_Entities" m:IsDefaultEntityContainer="true" sap:supported-formats="atom json xlsx"><EntitySet Name="Access_RulesSet" EntityType="Z8CZ_WORKDAY_SRV.Access_Rules" sap:creatable="false" sap:updatable="false"
				sap:deletable="false" sap:pageable="false" sap:addressable="false" sap:content-version="1"/><EntitySet Name="InstanceSet" EntityType="Z8CZ_WORKDAY_SRV.Instance" sap:creatable="false" sap:updatable="false" sap:deletable="false"
				sap:pageable="false" sap:addressable="false" sap:content-version="1"/></EntityContainer><atom:link xmlns:atom="http://www.w3.org/2005/Atom" rel="self" href="./sap/Z8CZ_WORKDAY_SRV/$metadata"/><atom:link xmlns:atom="http://www.w3.org/2005/Atom" rel="latest-version" href="./sap/Z8CZ_WORKDAY_SRV/$metadata"/></Schema>
	</edmx:DataServices>
</edmx:Edmx>