{
    "resources": [
        {
            "name": "manifest.json"
        },
        {
            "name": "model/models.js"
        },
        {
            "name": "controller/MaintainMPM.controller.js"
        },
        {
            "name": "controller/HomeToolPage.controller.js"
        },
        {
            "name": "controller/FAQ.controller.js"
        },
        {
            "name": "Component.js"
        },
        {
            "name": "manifest-bundle.zip"
        },
        {
            "name": "Component-preload.js",
            "merged": true
        },
        {
            "name": "model/models-dbg.js",
            "isDebug": true
        },
        {
            "name": "controller/MaintainMPM-dbg.controller.js",
            "isDebug": true
        },
        {
            "name": "controller/HomeToolPage-dbg.controller.js",
            "isDebug": true
        },
        {
            "name": "controller/FAQ-dbg.controller.js",
            "isDebug": true
        },
        {
            "name": "Component-dbg.js",
            "isDebug": true
        },
        {
            "name": "../../../sap-ui-version.json"
        },
        {
            "name": "neo-app.json"
        },
        {
            "name": "di.code-validation.core_issues.json"
        },
        {
            "name": "view/MaintainMPM.view.xml"
        },
        {
            "name": "view/HomeToolPage.view.xml"
        },
        {
            "name": "view/FAQ.view.xml"
        },
        {
            "name": "i18n/i18n.properties",
            "raw": "i18n/i18n.properties"
        },
        {
            "name": "css/style.css"
        },
        {
            "name": "Fragments/Home.fragment.xml"
        },
        {
            "name": "index.html"
        }
    ]
}