{
  "controller/HomeToolPage.controller.js": 1685586476000,
  "test/testsuite.qunit.js": 1685586476000,
  "test/unit/controller/HomeToolPage.controller.js": 1685586476000,
  "test/integration/pages/HomeToolPage.js": 1685586476000,
  "test/integration/arrangements/Startup.js": 1685586476000,
  "test/unit/unitTests.qunit.js": 1685586476000,
  "test/unit/AllTests.js": 1685586476000,
  "test/integration/opaTests.qunit.js": 1685586476000,
  "test/integration/NavigationJourney.js": 1685586476000,
  "test/integration/AllJourneys.js": 1685586476000,
  "manifest.json": 1685597467954,
  "model/models.js": 1685586476000,
  "controller/MaintainMPM.controller.js": 1685586476000,
  "i18n/i18n.properties": 1685586476000,
  "controller/FAQ.controller.js": 1685586476000,
  "Component.js": 1685586476000,
  "manifest-bundle.zip": 1685597467991,
  "Component-preload.js": 1685597468315,
  "test/integration/NavigationJourney-dbg.js": 1685586476000,
  "test/integration/pages/HomeToolPage-dbg.js": 1685586476000,
  "test/integration/arrangements/Startup-dbg.js": 1685586476000,
  "test/unit/unitTests.qunit-dbg.js": 1685586476000,
  "test/unit/AllTests-dbg.js": 1685586476000,
  "test/integration/opaTests.qunit-dbg.js": 1685586476000,
  "test/unit/controller/HomeToolPage-dbg.controller.js": 1685586476000,
  "test/integration/AllJourneys-dbg.js": 1685586476000,
  "test/testsuite.qunit-dbg.js": 1685586476000,
  "model/models-dbg.js": 1685586476000,
  "controller/MaintainMPM-dbg.controller.js": 1685586476000,
  "controller/HomeToolPage-dbg.controller.js": 1685586476000,
  "controller/FAQ-dbg.controller.js": 1685586476000,
  "Component-dbg.js": 1685586476000,
  "neo-app.json": 1685597468445,
  "di.code-validation.core_issues.json": 1685597472103,
  "resources.json": 1685597472120,
  "test/unit/unitTests.qunit.html": 1685586476000,
  "test/integration/opaTests.qunit.html": 1685586476000,
  "view/MaintainMPM.view.xml": 1685586476000,
  "view/HomeToolPage.view.xml": 1685586476000,
  "view/FAQ.view.xml": 1685586476000,
  "test/testsuite.qunit.html": 1685586476000,
  "css/style.css": 1685586476000,
  "Fragments/Home.fragment.xml": 1685586476000,
  "index.html": 1685586476000
}