<core:FragmentDefinition xmlns="sap.m" xmlns:core="sap.ui.core" xmlns:html="http://www.w3.org/1999/xhtml" enableScrolling="true"
	xmlns:mvc="sap.ui.core.mvc" xmlns:l="sap.ui.layout" xmlns:f="sap.ui.layout.form">
	<Dialog title="Company Code" contentWidth="30%" contentHeight="80%">
		<Input id="idsearchCompCode" placeholder="Type here to Filter Company" submit="onSearchComanyCode"/>
		<List id="idlistcomp" items="{/CompanyCodeSet/items}" mode="None" growing="true" growingThreshold="30" growingScrollToLoad="true">
			<items>
				<ObjectListItem type="Active" title="{BUKRS}" press="_handleItemPress">
					<attributes>
						<ObjectAttribute text="{BUTXT}"/>
						<ObjectAttribute text="{LAND1}" visible="false"/>
						<ObjectAttribute text="{LANDX}"/>
					</attributes>
				</ObjectListItem>
			</items>
		</List>
		<buttons>
			<Button text="Cancel" press="onCloseDialogCompCode" type="Reject"/>
		</buttons>
	</Dialog>
</core:FragmentDefinition>