<core:FragmentDefinition xmlns="sap.m" xmlns:core="sap.ui.core" xmlns:html="http://www.w3.org/1999/xhtml" enableScrolling="true"
	xmlns:mvc="sap.ui.core.mvc" xmlns:l="sap.ui.layout" xmlns:f="sap.ui.layout.form">
	<Dialog title="Currency" contentWidth="30%" contentHeight="80%">
		<Input id="idsearchCurrency" placeholder="Type here to search Currency" submit="onSearchCurrency"/>
		<List id="idlistcurrency" items="{/Currency/items}" itemPress="onSelectCurrency" growing="true" growingThreshold="30"
			growingScrollToLoad="true">
			<StandardListItem title="{WAERS}" description="{LTEXT}" type="Active"/>
		</List>
		<buttons>
			<Button text="Cancel" press="onCloseDialogCurrency" type="Reject"/>
		</buttons>
	</Dialog>
</core:FragmentDefinition>