<core:FragmentDefinition xmlns="sap.m" xmlns:core="sap.ui.core" xmlns:html="http://www.w3.org/1999/xhtml" enableScrolling="true"
	xmlns:mvc="sap.ui.core.mvc" xmlns:l="sap.ui.layout" xmlns:f="sap.ui.layout.form">
	<Dialog title="Reason" contentWidth="30%" contentHeight="80%">
		<Input id="idsearchReason" placeholder="Type here to search Reason" submit="onSearchReason"/>
		<List id="idlistReason" items="{/Reason/items}" itemPress="onSelectReason" growing="true" growingThreshold="30"
			growingScrollToLoad="true">
			<StandardListItem title="{REASONID}" description="{DESCRIPTION}" type="Active" wrapping="true"/>
		</List>
		<buttons>
			<Button text="Cancel" press="onCloseDialogReason" type="Reject"/>
		</buttons>
	</Dialog>
</core:FragmentDefinition>