<core:FragmentDefinition xmlns="sap.m" xmlns:core="sap.ui.core" xmlns:html="http://www.w3.org/1999/xhtml" enableScrolling="true"
	xmlns:mvc="sap.ui.core.mvc" xmlns:l="sap.ui.layout" xmlns:f="sap.ui.layout.form">
	<Dialog title="SAP Vendor Details" contentWidth="30%" contentHeight="80%">
		<Input id="idsearchVendorID" placeholder="Search by vendor name" submit="onSearchVendorID"/>
		<List id="idlistVendorID" items="{/VendorID/items}" mode="None" growing="true" growingThreshold="30" growingScrollToLoad="true">
			<items>
				<ObjectListItem type="Active" title="{BUKRS}" press="_handleSelectVendorID">
					<attributes>
						<ObjectAttribute text="{LIFNR}"/>
						<ObjectAttribute text="{NAME1}"/>
					</attributes>
				</ObjectListItem>
			</items>
		</List>
		<beginButton>
			<Button icon="sap-icon://decline" text="Cancel" press="onCloseDialogVendorID" type="Reject"/>
		</beginButton>
		<endButton>
			<Button text="Next" id="btn_next" icon="sap-icon://navigation-right-arrow" press="onNext" type="Accept"/>
		</endButton>
	</Dialog>
</core:FragmentDefinition>