<core:FragmentDefinition xmlns="sap.m" xmlns:core="sap.ui.core" xmlns:html="http://www.w3.org/1999/xhtml" enableScrolling="true"
	xmlns:mvc="sap.ui.core.mvc" xmlns:l="sap.ui.layout" xmlns:f="sap.ui.layout.form">
	<Dialog title="Users List" contentWidth="30%" contentHeight="80%">
		<Input id="idsearchUsers" placeholder="Type here to search user" submit="onSearchUserlist"/>
		<List id="idlist" items="{/UserlistSet/items}" itemPress="onUserSelect" growing="true" growingThreshold="30"
			growingScrollToLoad="true">
			<StandardListItem title="{FULLNAME}" description="{USERNAME}" type="Active"/>
		</List>
		<buttons>
			<Button text="Cancel" press="onCloseDialogSearch" type="Reject"/>
		</buttons>
	</Dialog>
</core:FragmentDefinition>